"ChEMBL ID";"Name";"Synonyms";"Type";"Max Phase";"Molecular Weight";"Targets";"Bioactivities";"AlogP";"Polar Surface Area";"HBA";"HBD";"#RO5 Violations";"#Rotatable Bonds";"Passes Ro3";"QED Weighted";"CX Acidic pKa";"CX Basic pKa";"CX LogP";"CX LogD";"Aromatic Rings";"Structure Type";"Inorganic Flag";"Heavy Atoms";"HBA (Lipinski)";"HBD (Lipinski)";"#RO5 Violations (Lipinski)";"Molecular Weight (Monoisotopic)";"Np Likeness Score";"Molecular Species";"Molecular Formula";"Smiles";"Inchi Key"
"CHEMBL1231";"OXYBUTYNIN";"ANTUROL|CONTIMIN 2.5|CONTIMIN 5|CYSTRIN|DITROPAN|DITROPAN XL|Ditropan|KENTERA|LYRINEL XL|OXYBUTYNIN|OXYTROL FOR WOMEN|Oxytrol|PROMICTULINE|URIMIN";"Small molecule";"4.0";"357.49";"142";"851";"3.34";"49.77";"4";"1";"0";"7";"N";"0.60";"11.53";"8.77";"4.44";"3.06";"1";"MOL";"0";"26";"4";"1";"0";"357.2304";"-0.42";"BASE";"C22H31NO3";"CCN(CC)CC#CCOC(=O)C(O)(c1ccccc1)C1CCCCC1";"XIQVNETUBQGFHX-UHFFFAOYSA-N"
"CHEMBL583";"GREPAFLOXACIN";"GREPAFLOXACIN|Grepafloxacin|Raxar";"Small molecule";"4.0";"359.40";"139";"383";"2.28";"74.57";"5";"2";"0";"3";"N";"0.88";"5.68";"8.77";"0.08";"0.08";"2";"MOL";"0";"26";"6";"2";"0";"359.1645";"-0.45";"ZWITTERION";"C19H22FN3O3";"Cc1c(F)c(N2CCNC(C)C2)cc2c1c(=O)c(C(=O)O)cn2C1CC1";"AIJTTZAVMXIJGM-UHFFFAOYSA-N"
"CHEMBL595";"PIOGLITAZONE";"AD-4833|Actos|Duetact|GLUSTIN|PIOGLITAZONE|U-72107|ZACTOS";"Small molecule";"4.0";"356.45";"218";"1386";"3.16";"68.29";"5";"1";"0";"7";"N";"0.83";"6.66";"5.60";"3.33";"2.74";"2";"MOL";"0";"25";"5";"1";"0";"356.1195";"-0.47";"NEUTRAL";"C19H20N2O3S";"CCc1ccc(CCOc2ccc(CC3SC(=O)NC3=O)cc2)nc1";"HYAFETHFCAUJAY-UHFFFAOYSA-N"
"CHEMBL245807";"OXYPHENISATINE";"ISAPHEN|NSC-59814|OXYPHENISATIN|OXYPHENISATINE";"Small molecule";"4.0";"317.34";"14";"46";"3.38";"69.56";"3";"3";"0";"2";"N";"0.68";"9.18";"None";"3.83";"3.82";"3";"MOL";"0";"24";"4";"3";"0";"317.1052";"0.16";"NEUTRAL";"C20H15NO3";"O=C1Nc2ccccc2C1(c1ccc(O)cc1)c1ccc(O)cc1";"SJDACOMXKWHBOW-UHFFFAOYSA-N"
"CHEMBL779";"TADALAFIL";"ADCIRCA|Cialis|IC-351|IC351|LY-450190|LY450190|NSC-750236|NSC-759172|TADALAFIL|TADALAFIL MYLAN|TADLIQ|TRANS-TADALAFIL";"Small molecule";"4.0";"389.41";"72";"251";"2.21";"74.87";"4";"1";"0";"1";"N";"0.69";"None";"None";"1.64";"1.64";"3";"MOL";"0";"29";"7";"1";"0";"389.1376";"-0.17";"NEUTRAL";"C22H19N3O4";"CN1CC(=O)N2[C@H](c3ccc4c(c3)OCO4)c3[nH]c4ccccc4c3C[C@@H]2C1=O";"WOXKDUGGOYFFRN-IIBYNOLFSA-N"
"CHEMBL325109";"CLEBOPRIDE";"AMICOS|CLANZOFLAT|CLANZOL|CLAST|CLEBOPRIDE|CLEBOPRIDE HYDROGEN MALATE|CLEBOPRIDE MALATE|CLEPRID|Cleboril|LAS 9273|LAS-9273|MOTILEX";"Small molecule";"4.0";"373.88";"27";"55";"3.33";"67.59";"4";"2";"0";"5";"N";"0.79";"None";"8.52";"2.42";"1.26";"2";"MOL";"0";"26";"5";"3";"0";"373.1557";"-1.39";"BASE";"C20H24ClN3O2";"COc1cc(N)c(Cl)cc1C(=O)NC1CCN(Cc2ccccc2)CC1";"BVPWJMCABCPUQY-UHFFFAOYSA-N"
"CHEMBL126";"LINEZOLID";"LINEZOLID|PNU-100766|U-100,766|U-100766|Zyvox";"Small molecule";"4.0";"337.35";"230";"7083";"1.12";"71.11";"5";"1";"0";"4";"N";"0.89";"None";"None";"0.64";"0.64";"1";"MOL";"0";"24";"7";"1";"0";"337.1438";"-1.82";"NEUTRAL";"C16H20FN3O4";"CC(=O)NC[C@H]1CN(c2ccc(N3CCOCC3)c(F)c2)C(=O)O1";"TYZROVQLWOKYKF-ZDUSSCGKSA-N"
"CHEMBL1522";"ESZOPICLONE";"(S)-ZOPICLONE|(S)-Zopiclone|ESTORRA|ESZOPICLON|ESZOPICLONE|ESZOPICLONE CIV|GSK-1755165|Lunesta|ZOPICLONE S-FORM";"Small molecule";"4.0";"388.82";"23";"79";"1.57";"91.76";"7";"0";"0";"2";"N";"0.77";"8.04";"6.86";"0.52";"0.59";"2";"MOL";"0";"27";"9";"0";"0";"388.1051";"-0.99";"NEUTRAL";"C17H17ClN6O3";"CN1CCN(C(=O)O[C@H]2c3nccnc3C(=O)N2c2ccc(Cl)cn2)CC1";"GBBSUAFBMRNDJC-INIZCTEOSA-N"
"CHEMBL605846";"OLODATEROL";"BI 1744|OLODATEROL|STRIVERDI RESPIMAT";"Small molecule";"4.0";"386.45";"10";"23";"2.38";"100.05";"6";"4";"0";"7";"N";"0.58";"9.22";"9.84";"1.19";"-0.18";"2";"MOL";"0";"28";"7";"4";"0";"386.1842";"0.15";"BASE";"C21H26N2O5";"COc1ccc(CC(C)(C)NC[C@H](O)c2cc(O)cc3c2OCC(=O)N3)cc1";"COUYJEVMBVSIHV-SFHVURJKSA-N"
"CHEMBL9967";"PIRENZEPINE";"ACI-91|GASTRI P|GASTROZEPIN|PIRENZEPINE";"Small molecule";"4.0";"351.41";"52";"304";"1.56";"68.78";"5";"1";"0";"2";"N";"0.89";"None";"7.20";"0.97";"0.76";"2";"MOL";"0";"26";"7";"1";"0";"351.1695";"-1.04";"NEUTRAL";"C19H21N5O2";"CN1CCN(CC(=O)N2c3ccccc3C(=O)Nc3cccnc32)CC1";"RMHMFHUVIITRHF-UHFFFAOYSA-N"
"CHEMBL3304486";"DIFEMERINE";"DIFEMERINE";"Small molecule";"4.0";"327.42";"";"";"2.81";"49.77";"4";"1";"0";"6";"N";"0.83";"11.05";"8.90";"3.42";"1.91";"2";"MOL";"0";"24";"4";"1";"0";"327.1834";"-0.37";"BASE";"C20H25NO3";"CN(C)CC(C)(C)OC(=O)C(O)(c1ccccc1)c1ccccc1";"WJIZVQNUJVMJAZ-UHFFFAOYSA-N"
"CHEMBL43064";"CINNARIZINE";"516 MD|516-MD|APLACTAN|APLEXAL|ARTATE|CARECIN|CEREBOLAN|CEREPAR|CINAPERAZINE|CINARIZINE|CINAZYN|CINNACET|CINNAGERON|CINNARIZINE|CINNIPIRINE|CORATHIEM|DENAPOL|DIMITRON|EGLEN|FOLCODAL|GIGANTEN|GLANIL|HILACTAN|IXERTOL|KATOSERAN|LABYRIN|MARZINE R.F.|MIDRONAL|MITRONAL|MYLAN TRAVEL SICKNESS|NSC-758400|OLAMIN|PROCESSINE|R 1575|R 516|R-1575|R-516|SEDATROMIN|SEPAN|SIPTAZIN|SPADERIZINE|STUGERON|STUGERON FTE|STUNARONE|STUTGERON|STUTGIN|Stugeron";"Small molecule";"4.0";"368.52";"157";"667";"5.11";"6.48";"2";"0";"1";"6";"N";"0.60";"None";"8.10";"5.88";"5.10";"3";"MOL";"0";"28";"2";"0";"1";"368.2252";"-0.74";"NEUTRAL";"C26H28N2";"C(=C/c1ccccc1)\CN1CCN(C(c2ccccc2)c2ccccc2)CC1";"DERZBLKQOCDDDZ-JLHYYAGUSA-N"
"CHEMBL400599";"BENFLUOREX";"BENFLUOREX|MEDIAXAL|NSC-757396";"Small molecule";"4.0";"351.37";"8";"10";"4.08";"38.33";"3";"1";"0";"7";"N";"0.60";"None";"9.14";"4.92";"3.18";"2";"MOL";"0";"25";"3";"1";"0";"351.1446";"-0.95";"BASE";"C19H20F3NO2";"CC(Cc1cccc(C(F)(F)F)c1)NCCOC(=O)c1ccccc1";"CJAVTWRYCDNHSM-UHFFFAOYSA-N"
"CHEMBL1493";"FLAVOXATE";"BLADURIL|FLAVOXATE|Flavoxate";"Small molecule";"4.0";"391.47";"118";"787";"4.41";"59.75";"5";"0";"0";"5";"N";"0.60";"None";"7.29";"4.24";"3.98";"3";"MOL";"0";"29";"5";"0";"0";"391.1784";"-0.38";"NEUTRAL";"C24H25NO4";"Cc1c(-c2ccccc2)oc2c(C(=O)OCCN3CCCCC3)cccc2c1=O";"SPIUTQOUKAMGCX-UHFFFAOYSA-N"
"CHEMBL580";"LORAZEPAM";"ABBLORAZ|Ativan|LORAZ|LORAZEPAM|LORAZEPAM CIV|LORAZEPAM INTENSOL|LORAZEPAM PRESERVATIVE FREE|LOREEV XR|NSC-289758|TEMESTA|WY-4036";"Small molecule";"4.0";"321.16";"154";"1043";"3.10";"61.69";"3";"2";"0";"1";"N";"0.85";"10.61";"None";"3.53";"3.53";"2";"MOL";"0";"21";"4";"2";"0";"320.0119";"-0.37";"NEUTRAL";"C15H10Cl2N2O2";"O=C1Nc2ccc(Cl)cc2C(c2ccccc2Cl)=NC1O";"DIWRORZWFLOCLC-UHFFFAOYSA-N"
"CHEMBL1619528";"PIPENZOLATE";"PIPENZOLATE|PIPENZOLATE CATION|PIPENZOLATE ION";"Small molecule";"4.0";"354.47";"1";"3";"3.09";"46.53";"3";"1";"0";"5";"N";"0.66";"11.05";"None";"-0.62";"-0.62";"2";"MOL";"0";"26";"4";"1";"0";"354.2064";"0.24";"NEUTRAL";"C22H28NO3+";"CC[N+]1(C)CCCC(OC(=O)C(O)(c2ccccc2)c2ccccc2)C1";"WPUKUEMZZRVAKZ-UHFFFAOYSA-N"
"CHEMBL396778";"SAFINAMIDE";"EMD 1195686|EMD-1195686|SAFINAMIDE|XADAGO";"Small molecule";"4.0";"302.35";"18";"182";"2.37";"64.35";"3";"2";"0";"7";"N";"0.83";"None";"7.93";"2.48";"1.84";"2";"MOL";"0";"22";"4";"3";"0";"302.1431";"-1.35";"NEUTRAL";"C17H19FN2O2";"C[C@H](NCc1ccc(OCc2cccc(F)c2)cc1)C(N)=O";"NEMGRZFTLSKBAP-LBPRGKRZSA-N"
"CHEMBL1535";"HYDROXYCHLOROQUINE";"HYDROXYCHLOROQUINE|Hydroxychloroquine|POLIRREUMIN";"Small molecule";"4.0";"335.88";"128";"393";"3.78";"48.39";"4";"2";"0";"9";"N";"0.73";"None";"9.76";"2.89";"0.33";"2";"MOL";"0";"23";"4";"2";"0";"335.1764";"-1.23";"BASE";"C18H26ClN3O";"CCN(CCO)CCCC(C)Nc1ccnc2cc(Cl)ccc12";"XXSMGPRMXLTPCZ-UHFFFAOYSA-N"
"CHEMBL2110948";"POLDINE";"POLDINE";"Small molecule";"4.0";"340.44";"1";"2";"2.70";"46.53";"3";"1";"0";"5";"N";"0.67";"11.05";"None";"-0.97";"-0.97";"2";"MOL";"0";"25";"4";"1";"0";"340.1907";"0.50";"NEUTRAL";"C21H26NO3+";"C[N+]1(C)CCCC1COC(=O)C(O)(c1ccccc1)c1ccccc1";"CQRKVVAGMJJJSR-UHFFFAOYSA-N"
"CHEMBL1734";"SOLIFENACIN";"NSC-759144|SOLIFENACIN|Solifenacin|VESICARE";"Small molecule";"4.0";"362.47";"28";"52";"3.86";"32.78";"3";"0";"0";"2";"N";"0.81";"None";"8.88";"3.96";"2.47";"2";"MOL";"0";"27";"4";"0";"0";"362.1994";"-0.06";"BASE";"C23H26N2O2";"O=C(O[C@H]1CN2CCC1CC2)N1CCc2ccccc2[C@@H]1c1ccccc1";"FBOUYBDGKBSUES-VXKWHMMOSA-N"
"CHEMBL1180725";"PROPANTHELINE";"PROPANTHELINE|PROPANTHELINE CATION|PROPANTHELINE ION|Propantheline";"Small molecule";"4.0";"368.50";"20";"80";"4.73";"35.53";"3";"0";"0";"6";"N";"0.55";"None";"None";"0.36";"0.36";"2";"MOL";"0";"27";"4";"0";"0";"368.2220";"0.10";"NEUTRAL";"C23H30NO3+";"CC(C)[N+](C)(CCOC(=O)C1c2ccccc2Oc2ccccc21)C(C)C";"VVWYOYDLCMFIEM-UHFFFAOYSA-N"
"CHEMBL193";"NIFEDIPINE";"ADALAT A.R.|ADALAT CC|ADALAT IC|ADALAT LA 20|ADALAT LA 30|ADALAT LA 60|ADALAT RET|ADALATE LP|ADANIF XL|ADIPINE MR 10|ADIPINE MR 20|ADIPINE XL|AFEDITAB CR|ANGIOPINE 10|ANGIOPINE 40 LA|ANGIOPINE 5|ANGIOPINE MR 10|ANGIOPINE MR 20|Adalat|BAY A 1040|BAY-A-1040|CALANIF|CALCHAN MR 10|CALCHAN MR 20|CALCILAT|CARDILATE MR|CORACTEN|CORACTEN SR|CORACTEN XL|CORODAY MR|FORTIPINE LA40|GENALAT 10 RET|GENALAT 20 RET|HYPOLAR RET 10|HYPOLAR RET 20|HYPOLAR XL 30|KENTIPINE|KENTIPINE MR 10|KENTIPINE MR 20|NEOZIPINE XL|NIFE-WOLFF|NIFEDIPINE|NIFEDIPINE HYDROCHLORIDE|NIFEDIPINE SLOW RELEASE|NIFEDIPINUM|NIFEDIPRESS MR 10|NIFEDIPRESS MR 20|NIFEDOTARD 20 MR|NIFELEASE|NIFENSAR XL|NIFOPRESS MR|NIFOPRESS RET|NIMODREL MR 10|NIMODREL MR 20|NIMODREL XL|NIVATEN RET|NSC-757242|PROCARDIA XL|Procardia|SLOFEDIPINE XL 30|SLOFEDIPINE XL 60|TENSIPINE MR 10|TENSIPINE MR 20|UNIPINE XL|VALNI 20 RET|VALNI XL|VASAD";"Small molecule";"4.0";"346.34";"287";"3198";"2.18";"107.77";"7";"1";"0";"4";"N";"0.51";"None";"None";"1.82";"1.82";"1";"MOL";"0";"25";"8";"1";"0";"346.1165";"-0.72";"NEUTRAL";"C17H18N2O6";"COC(=O)C1=C(C)NC(C)=C(C(=O)OC)C1c1ccccc1[N+](=O)[O-]";"HYIMSNHJOBLJNT-UHFFFAOYSA-N"
"CHEMBL1206";"ETHOPROPAZINE";"Ethopropazine|PROFENAMINE|Parsidol";"Small molecule";"4.0";"312.48";"19";"36";"5.02";"6.48";"3";"0";"1";"5";"N";"0.77";"None";"9.60";"5.00";"2.82";"2";"MOL";"0";"22";"2";"0";"1";"312.1660";"-1.11";"BASE";"C19H24N2S";"CCN(CC)C(C)CN1c2ccccc2Sc2ccccc21";"CDOZDBSBBXSXLB-UHFFFAOYSA-N"
"CHEMBL1101";"BIPERIDEN";"AKINETON-|Akineton|BIPERIDEN|BIPERIDENUM|Biperiden|KL 373|NSC-759145";"Small molecule";"4.0";"311.47";"30";"78";"3.96";"23.47";"2";"1";"0";"5";"N";"0.83";"13.82";"9.30";"3.54";"1.64";"1";"MOL";"0";"23";"2";"1";"0";"311.2249";"-0.28";"BASE";"C21H29NO";"OC(CCN1CCCCC1)(c1ccccc1)C1CC2C=CC1C2";"YSXKPIUOCJLQIE-UHFFFAOYSA-N"
"CHEMBL1201203";"BENZTROPINE";"BENZATROPINE|BENZTROPINE|COBRENTIN|NK-02";"Small molecule";"4.0";"307.44";"129";"371";"4.42";"12.47";"2";"0";"0";"4";"N";"0.83";"None";"9.54";"4.19";"2.06";"2";"MOL";"0";"23";"2";"0";"0";"307.1936";"0.20";"BASE";"C21H25NO";"CN1[C@@H]2CC[C@H]1C[C@@H](OC(c1ccccc1)c1ccccc1)C2";"GIJXKZJWITVLHI-PMOLBWCYSA-N"
"CHEMBL1495";"OXYPHENCYCLIMINE";"OXYPHENCYCLIMINE|Oxyphencyclimine";"Small molecule";"4.0";"344.46";"1";"1";"2.73";"62.13";"5";"1";"0";"5";"N";"0.83";"11.54";"9.27";"2.62";"0.86";"1";"MOL";"0";"25";"5";"1";"0";"344.2100";"-0.20";"BASE";"C20H28N2O3";"CN1CCCN=C1COC(=O)C(O)(c1ccccc1)C1CCCCC1";"DUDKAZCAISNGQN-UHFFFAOYSA-N"
"CHEMBL2095212";"MIRABEGRON";"BETANIS|BETMIGA|MIRABEGRON|MYRBETRIQ|MYRBETRIQ GRANULES|YM-178|YM178";"Small molecule";"4.0";"396.52";"33";"1029";"2.77";"100.27";"6";"4";"0";"9";"N";"0.42";"13.84";"9.62";"2.89";"0.70";"3";"MOL";"0";"28";"6";"5";"0";"396.1620";"-1.43";"BASE";"C21H24N4O2S";"Nc1nc(CC(=O)Nc2ccc(CCNC[C@H](O)c3ccccc3)cc2)cs1";"PBAPPPCECJKMCM-IBGZPJMESA-N"
"CHEMBL117785";"TETRABENAZINE";"NITOMAN|NSC-169886|REVOCON|RO 1-9569|RO-1-9569|RO-19569|TETMODIS|TETRABENAZINE|Tetrabenazine|XENAZINE|XENAZINE 25";"Small molecule";"4.0";"317.43";"27";"64";"3.24";"38.77";"4";"0";"0";"4";"N";"0.85";"None";"7.33";"3.40";"3.14";"1";"MOL";"0";"23";"4";"0";"0";"317.1991";"0.84";"NEUTRAL";"C19H27NO3";"COc1cc2c(cc1OC)C1CC(=O)C(CC(C)C)CN1CC2";"MKJIEFSOBYUXJB-UHFFFAOYSA-N"
"CHEMBL1589";"ACETOHEXAMIDE";"33006|ACETOHEXAMIDE|DIMELOR|Dymelor|NSC-759128";"Small molecule";"4.0";"324.40";"35";"81";"2.21";"92.34";"4";"2";"0";"4";"N";"0.83";"4.31";"None";"1.81";"0.87";"1";"MOL";"0";"22";"6";"2";"0";"324.1144";"-1.04";"ACID";"C15H20N2O4S";"CC(=O)c1ccc(S(=O)(=O)NC(=O)NC2CCCCC2)cc1";"VGZSUPCWNCWDAN-UHFFFAOYSA-N"
"CHEMBL716";"QUETIAPINE";"ATROLAK XL|BIQUELLE XL|BRANCICO XL|EBESQUE XL|MINTRELEQ XL|NORSIC|NSC-758918|PSYQUET XL|QUETIAPINE|QUETIAPINE EXTENDED RELEASE|Quetiapine|SEOTIAPIM XL|SEROQUEL|SEROQUEL XL|SONDATE XL|TENPROLIDE XL|ZALURON XL";"Small molecule";"4.0";"383.52";"156";"773";"2.86";"48.30";"6";"1";"0";"5";"N";"0.80";"None";"7.06";"2.81";"2.64";"2";"MOL";"0";"27";"5";"1";"0";"383.1667";"-0.87";"NEUTRAL";"C21H25N3O2S";"OCCOCCN1CCN(C2=Nc3ccccc3Sc3ccccc32)CC1";"URKOMYMAXPYINW-UHFFFAOYSA-N"
"CHEMBL131";"PREDNISOLONE";"CORTALONE|DEKOTIL|DELTACORTRIL|DELTALONE|DILACORT|Delta-cortef|Desowen|FERNISOLONE-P|Hydeltra|Hydeltra-Tba|Meti-derm|Meticortelone|NSC-9120|NSC-9900|Neo-Delta-Cortef|PEVANTI|PRECORTISYL|PRECORTISYL FTE|PREDNISOLONE|PRELONE|Poly-Pred|Pred-G|Prednisolone|SCHERIPROCT|Servisone|Sterane|Tridesilon|Verdeso";"Small molecule";"4.0";"360.45";"173";"1451";"1.56";"94.83";"5";"3";"0";"2";"N";"0.69";"12.59";"None";"1.27";"1.27";"0";"MOL";"0";"26";"5";"3";"0";"360.1937";"2.57";"NEUTRAL";"C21H28O5";"C[C@]12C=CC(=O)C=C1CC[C@@H]1[C@@H]2[C@@H](O)C[C@@]2(C)[C@H]1CC[C@]2(O)C(=O)CO";"OIGNJSKKLXVSLS-VWUMJDOOSA-N"
"CHEMBL1201134";"LUBIPROSTONE";"Amitiza|LUBIPROSTONE|RU-0211";"Small molecule";"4.0";"390.47";"3";"5";"4.31";"83.83";"4";"2";"0";"11";"N";"0.51";"4.30";"None";"4.56";"1.60";"0";"MOL";"0";"27";"5";"2";"0";"390.2218";"1.08";"ACID";"C20H32F2O5";"CCCCC(F)(F)[C@@]1(O)CC[C@H]2[C@@H](CC(=O)[C@@H]2CCCCCCC(=O)O)O1";"WGFOBBZOWHGYQH-MXHNKVEKSA-N"
"CHEMBL746";"NEDOCROMIL";"FPL 59002|FPL-59002|NEDOCROMIL|Nedocromil";"Small molecule";"4.0";"371.35";"13";"64";"2.48";"126.81";"6";"2";"0";"5";"N";"0.66";"2.06";"None";"2.50";"-4.52";"3";"MOL";"0";"27";"8";"2";"0";"371.1005";"-0.05";"ACID";"C19H17NO7";"CCCc1c2oc(C(=O)O)cc(=O)c2cc2c(=O)cc(C(=O)O)n(CC)c12";"RQTOOFIXOKYGAN-UHFFFAOYSA-N"
"CHEMBL1350";"TILUDRONIC ACID";"SKELID|SR 41319|SR-41319|Skelid|TILUDRONATE|TILUDRONIC ACID|Tiludronate|Tiludronic Acid";"Small molecule";"4.0";"318.61";"14";"67";"2.07";"115.06";"3";"4";"0";"4";"N";"0.50";"1.03";"None";"1.32";"-3.47";"1";"MOL";"0";"17";"6";"4";"0";"317.9284";"-0.78";"ACID";"C7H9ClO6P2S";"O=P(O)(O)C(Sc1ccc(Cl)cc1)P(=O)(O)O";"DKJJVAGXPKPDRL-UHFFFAOYSA-N"
"CHEMBL316561";"PROGLUMIDE";"BINOSIDE|CR-242|DL-PROGLUMIDE|GASTROTOPIC|MIDELID|MILID|NSC-757841|Nulsa|PROGLUMIDE|PROMID|ULCUTIN|W-5219|XYLAMIDE";"Small molecule";"4.0";"334.42";"124";"566";"2.30";"86.71";"3";"2";"0";"10";"N";"0.69";"4.42";"None";"2.14";"-0.73";"1";"MOL";"0";"24";"6";"2";"0";"334.1893";"-0.65";"ACID";"C18H26N2O4";"CCCN(CCC)C(=O)C(CCC(=O)O)NC(=O)c1ccccc1";"DGMKFQYCZXERLX-UHFFFAOYSA-N"
"CHEMBL1200825";"METHADONE HYDROCHLORIDE";"AN-148|BUTALGIN|DOLOFIN HYDROCHLORIDE|DOLOPHINE|Dolophine Hydrochloride|EPTADONE|FENADONE|HEPTADON|KETALGIN HYDROCHLORIDE|MARTINDALE|MECODIN|METHADONE HCL|METHADONE HYDROCHLORIDE|METHADONE HYDROCHLORIDE CII|METHADONE HYDROCHLORIDE INTENSOL|METHADONIUM CHLORIDE|METHAROSE|METHEX|Methadose|NSC-19600|PHENADONE HYDROCHLORIDE|PHYSEPTONE|PINADONE|SYNASTONE|WESTADONE";"Small molecule";"4.0";"345.91";"4";"24";"4.29";"20.31";"2";"0";"0";"7";"N";"0.76";"None";"9.12";"5.01";"3.29";"2";"MOL";"0";"23";"2";"0";"0";"309.2093";"-0.20";"BASE";"C21H28ClNO";"CCC(=O)C(CC(C)N(C)C)(c1ccccc1)c1ccccc1.Cl";"FJQXCDYVZAHXNS-UHFFFAOYSA-N"
"CHEMBL142703";"VILDAGLIPTIN";"GALVUS|LAF 237|LAF-237|LAF237|NVP-LAF 237|NVP-LAF237|VILDAGLIPTIN|VITAGLIPTIN";"Small molecule";"4.0";"303.41";"25";"223";"1.17";"76.36";"4";"2";"0";"3";"N";"0.82";"None";"9.03";"-0.22";"-1.85";"0";"MOL";"0";"22";"5";"2";"0";"303.1947";"-0.50";"BASE";"C17H25N3O2";"N#C[C@@H]1CCCN1C(=O)CNC12CC3CC(CC(O)(C3)C1)C2";"SYOKIDBDQMKNDQ-XWTIBIIYSA-N"
"CHEMBL407";"FLUMAZENIL";"ANEXATE|FLUMAZENIL|FLUMAZEPIL|Flumazepil|LANEXAT|MAZICON|Mazicon|NSC-759193|RO 15-1788/000|RO-15-1788|RO-151788|RO-151788000|RO-1722|RO-41-8157|Romazicon";"Small molecule";"4.0";"303.29";"199";"704";"1.77";"64.43";"5";"0";"0";"2";"N";"0.79";"None";"2.87";"1.39";"1.39";"2";"MOL";"0";"22";"6";"0";"0";"303.1019";"-0.63";"NEUTRAL";"C15H14FN3O3";"CCOC(=O)c1ncn2c1CN(C)C(=O)c1cc(F)ccc1-2";"OFBIFZUFASYYRE-UHFFFAOYSA-N"
"CHEMBL495";"ALPROSTADIL";"ALPROSTADIL|CAVERJECT IMPULSE|Caverject|Edex|NSC-165559|ONO-1608|PGE1|PROSTAGLANDIN E1|PROSTIN VR|PROSTIN VR PEDIATRIC|Prostin|U-10,136|U-10136|VIRIDAL 10|VIRIDAL 20|VIRIDAL 5|VIRIDAL DUO|VITAROS";"Small molecule";"4.0";"354.49";"95";"1188";"3.48";"94.83";"4";"3";"0";"13";"N";"0.35";"4.35";"None";"3.59";"0.66";"0";"MOL";"0";"25";"5";"3";"0";"354.2406";"1.70";"ACID";"C20H34O5";"CCCCC[C@H](O)/C=C/[C@H]1[C@H](O)CC(=O)[C@@H]1CCCCCCC(=O)O";"GMVPRGQOIOIIMI-DWKJAMRDSA-N"
"CHEMBL1201320";"ESOMEPRAZOLE";"A02BC05|EMOZUL|ESOMEPRAZOLE|INEXIUM PARANOVA|NEXIUM|NEXIUM CONTROL|NEXIUM I.V.|OMEPRAZOLE S-FORM|OMEPRAZOLE, (S)-|VENTRA";"Small molecule";"4.0";"345.42";"12";"45";"2.90";"83.09";"5";"1";"0";"5";"N";"0.72";"9.68";"4.77";"2.43";"2.43";"3";"MOL";"0";"24";"6";"1";"0";"345.1147";"-0.69";"NEUTRAL";"C17H19N3O3S";"COc1ccc2[nH]c([S@@+]([O-])Cc3ncc(C)c(OC)c3C)nc2c1";"SUBDBMMJDZJVOS-DEOSSOPVSA-N"
"CHEMBL2107175";"RANELIC ACID";"RANELIC ACID";"Small molecule";"4.0";"342.29";"";"";"-0.08";"176.23";"7";"4";"0";"8";"N";"0.50";"1.63";"None";"0.27";"-13.11";"1";"MOL";"0";"23";"10";"4";"0";"342.0158";"-0.73";"ACID";"C12H10N2O8S";"N#Cc1c(N(CC(=O)O)CC(=O)O)sc(C(=O)O)c1CC(=O)O";"DJSXNILVACEBLP-UHFFFAOYSA-N"
"CHEMBL1201354";"TRIDIHEXETHYL";"TRIDIHEXETHYL|TRIDIHEXETHYL CATION|TRIDIHEXETHYL ION|Tridihexethyl";"Small molecule";"4.0";"318.53";"1";"2";"4.72";"20.23";"1";"1";"0";"8";"N";"0.69";"13.69";"None";"0.29";"0.29";"1";"MOL";"0";"23";"2";"1";"0";"318.2791";"0.06";"NEUTRAL";"C21H36NO+";"CC[N+](CC)(CC)CCC(O)(c1ccccc1)C1CCCCC1";"NPRHVSBSZMAEIN-UHFFFAOYSA-N"
"CHEMBL301267";"ARTEMOTIL";".BETA.-ARTEETHER|ARTEETHER|ARTEMOTIL|ARTEMOTILUM|NSC-665971";"Small molecule";"4.0";"312.41";"27";"244";"3.23";"46.15";"5";"0";"0";"2";"N";"0.73";"None";"None";"3.84";"3.84";"0";"MOL";"0";"22";"5";"0";"0";"312.1937";"3.54";"NEUTRAL";"C17H28O5";"CCO[C@H]1O[C@@H]2O[C@@]3(C)CC[C@H]4[C@H](C)CC[C@@H]([C@H]1C)[C@@]24OO3";"NLYNIRQVMRLPIQ-XQLAAWPRSA-N"
"CHEMBL1303";"ROTIGOTINE";"LEGANTO|Neupro|ROTIGOTINE|SPM 962|SPM-962";"Small molecule";"4.0";"315.48";"43";"125";"4.27";"23.47";"3";"1";"0";"6";"N";"0.86";"10.03";"10.97";"4.34";"2.21";"2";"MOL";"0";"22";"2";"1";"0";"315.1657";"-1.04";"BASE";"C19H25NOS";"CCCN(CCc1cccs1)[C@H]1CCc2c(O)cccc2C1";"KFQYTPMOWPVWEJ-INIZCTEOSA-N"
"CHEMBL1623992";"PIPERIDOLATE";"1087-A.N.|JB-305|PIPERIDOLATE";"Small molecule";"4.0";"323.44";"1";"3";"3.85";"29.54";"3";"0";"0";"5";"N";"0.78";"None";"8.31";"4.27";"3.32";"2";"MOL";"0";"24";"3";"0";"0";"323.1885";"-0.56";"NEUTRAL";"C21H25NO2";"CCN1CCCC(OC(=O)C(c2ccccc2)c2ccccc2)C1";"KTHVBAZBLKXIHZ-UHFFFAOYSA-N"
"CHEMBL227875";"PRETOMANID";"PA 824|PA-824|PA824|PRETOMANID";"Small molecule";"4.0";"359.26";"57";"518";"2.67";"88.65";"7";"0";"0";"5";"N";"0.60";"None";"None";"4.14";"4.14";"2";"MOL";"0";"25";"8";"0";"0";"359.0729";"-0.63";"NEUTRAL";"C14H12F3N3O5";"O=[N+]([O-])c1cn2c(n1)OC[C@@H](OCc1ccc(OC(F)(F)F)cc1)C2";"ZLHZLMOSPGACSZ-NSHDSACASA-N"
"CHEMBL121";"ROSIGLITAZONE";"AVANDIA|Avandamet|Avandaryl|Avandia|BRL-49653|GAUDIL|NSC-758698|REZULT|ROSIGLITAZONE|ROSIGLIZOLE|ROSVEL|Rosiglitazone|TDZ-01";"Small molecule";"4.0";"357.44";"259";"2550";"2.49";"71.53";"6";"1";"0";"7";"N";"0.82";"6.84";"6.23";"2.45";"2.21";"2";"MOL";"0";"25";"6";"1";"0";"357.1147";"-0.93";"NEUTRAL";"C18H19N3O3S";"CN(CCOc1ccc(CC2SC(=O)NC2=O)cc1)c1ccccn1";"YASAKCUCGLMORW-UHFFFAOYSA-N"
"CHEMBL928";"DANTROLENE SODIUM";"DANTAMACRIN|DANTROLEN|DANTROLENE SODIUM|DANTROLENE SODIUM HEPTAHYDRATE|DANTROLENE SODIUM HYDRATE|DANTROLENE SODIUM SALT HEMIHEPTAHYDRATE|Dantrium|F-440|NSC-758403|REVONTO|RYANODEX";"Small molecule";"4.0";"336.24";"29";"54";"1.74";"118.05";"6";"1";"0";"4";"N";"0.40";"8.23";"None";"1.26";"1.20";"2";"MOL";"0";"23";"9";"1";"0";"314.0651";"-1.25";"NEUTRAL";"C14H9N4NaO5";"O=C1CN(/N=C/c2ccc(-c3ccc([N+](=O)[O-])cc3)o2)C(=O)[N-]1.[Na+]";"KSRLIXGNPXAZHD-HAZZGOGXSA-M"
"CHEMBL19224";"PAPAVERINE";"NSC-136630|PAPAVERINE|PAPAVERINUM|Papaverine";"Small molecule";"4.0";"339.39";"189";"2071";"3.86";"49.81";"5";"0";"0";"6";"N";"0.68";"None";"6.03";"3.08";"3.06";"3";"MOL";"0";"25";"5";"0";"0";"339.1471";"0.12";"NEUTRAL";"C20H21NO4";"COc1ccc(Cc2nccc3cc(OC)c(OC)cc23)cc1OC";"XQYZDYMELSJDRZ-UHFFFAOYSA-N"
"CHEMBL531";"PERGOLIDE";"PERGOLIDE|Pergolide";"Small molecule";"4.0";"314.50";"133";"782";"4.27";"19.03";"2";"1";"0";"4";"N";"0.91";"None";"9.49";"4.23";"2.15";"2";"MOL";"0";"22";"2";"1";"0";"314.1817";"0.61";"BASE";"C19H26N2S";"CCCN1C[C@H](CSC)C[C@@H]2c3cccc4[nH]cc(c34)C[C@H]21";"YEHCICAEULNIGD-MZMPZRCHSA-N"
"CHEMBL1451";"TRIAMCINOLONE";"Aristocort|Aristocort A|DELPHICORT|FLUOXIPREDNISOLONE|Kenacort|Kenalog|NSC-13397|TRIAMCINOLONE|Triamcinolone|VOLON";"Small molecule";"4.0";"394.44";"218";"452";"0.62";"115.06";"6";"4";"0";"2";"N";"0.55";"11.75";"None";"0.24";"0.24";"0";"MOL";"0";"28";"6";"4";"0";"394.1792";"2.10";"NEUTRAL";"C21H27FO6";"C[C@]12C=CC(=O)C=C1CC[C@H]1[C@@H]3C[C@@H](O)[C@](O)(C(=O)CO)[C@@]3(C)C[C@H](O)[C@@]12F";"GFNANZIMVAIWHM-OBYCQNJPSA-N"
"CHEMBL416956";"MEFLOQUINE";"GNF-Pf-5544|Lariam|MEFLOQUINE|Mefaquin|Mefloquine|NSC-758233|RO 21-5998|RO-215998|WR 142,490";"Small molecule";"4.0";"378.32";"72";"719";"4.45";"45.15";"3";"2";"0";"2";"N";"0.76";"13.79";"9.46";"4.11";"2.07";"2";"MOL";"0";"26";"3";"2";"0";"378.1167";"0.03";"BASE";"C17H16F6N2O";"OC(c1cc(C(F)(F)F)nc2c(C(F)(F)F)cccc12)C1CCCCN1";"XEEQGYMUWCZPDN-UHFFFAOYSA-N"
"CHEMBL529888";"GLIBORNURIDE";"GLIBORNURIDE|Glutril|RO 6-4563|RO-6-4563|RO-64563";"Small molecule";"4.0";"366.48";"2";"2";"2.17";"95.50";"4";"3";"0";"3";"N";"0.76";"4.32";"None";"2.48";"1.54";"1";"MOL";"0";"25";"6";"3";"0";"366.1613";"0.16";"ACID";"C18H26N2O4S";"Cc1ccc(S(=O)(=O)NC(=O)N[C@H]2[C@H]3CC[C@@](C)([C@H]2O)C3(C)C)cc1";"RMTYNAPTNBJHQI-LLDVTBCESA-N"
"CHEMBL982";"NALMEFENE";"JF-1|JKB-121|NALMEFENE|NALMEFENE HYDROCHLORIDE DIHYDRATE|NALMEFENE HYDROCHLORIDE HYDRATE|NALMETRENE|Nalmefene|ORF 1167|ORF 11676|ORF-1167|ORF-11676|Revex|SELINCRO|SRD-174|SRD174";"Small molecule";"4.0";"339.44";"37";"116";"2.51";"52.93";"4";"2";"0";"2";"N";"0.81";"10.35";"9.57";"1.95";"0.07";"1";"MOL";"0";"25";"4";"2";"0";"339.1834";"1.84";"BASE";"C21H25NO3";"C=C1CC[C@@]2(O)[C@H]3Cc4ccc(O)c5c4[C@@]2(CCN3CC2CC2)[C@H]1O5";"WJBLNOPPDWQMCH-MBPVOVBZSA-N"
"CHEMBL1201863";"DEXLANSOPRAZOLE";"(R)-LANSOPRAZOLE|DEXILANT|DEXILANT SOLUTAB|DEXLANSOPRAZOLE|KAPIDEX|Kapidex|LANSOPRAZOLE R-FORM|LANSOPRAZOLE, (R)-|NSC-758710|T-168390|TAK-390";"Small molecule";"4.0";"369.37";"14";"17";"3.52";"73.86";"4";"1";"0";"5";"N";"0.70";"9.35";"4.16";"3.03";"3.03";"3";"MOL";"0";"25";"5";"1";"0";"369.0759";"-0.96";"NEUTRAL";"C16H14F3N3O2S";"Cc1c(OCC(F)(F)F)ccnc1C[S@@+]([O-])c1nc2ccccc2[nH]1";"MJIHNNLFOKEZEW-RUZDIDTESA-N"
"CHEMBL1490";"TRIHEXYPHENIDYL";"APO-TRIHEX|NSC-12268|TRIHEXYPHENIDYL|Trihexyphenidyl";"Small molecule";"4.0";"301.47";"120";"786";"4.33";"23.47";"2";"1";"0";"5";"N";"0.87";"13.84";"9.32";"4.23";"2.32";"1";"MOL";"0";"22";"2";"1";"0";"301.2406";"-0.43";"BASE";"C20H31NO";"OC(CCN1CCCCC1)(c1ccccc1)C1CCCCC1";"HWHLPVGTWGOCJO-UHFFFAOYSA-N"
"CHEMBL3183075";"NIZATIDINE";"ACINON|AXID AR|Axid|LY 139037|LY-139037|NIZATIDINE|NSC-759289|ZINGA 150|ZINGA 300";"Small molecule";"4.0";"331.47";"115";"700";"1.32";"83.33";"8";"2";"0";"10";"N";"0.38";"None";"6.54";"0.77";"0.72";"1";"MOL";"0";"21";"7";"2";"0";"331.1137";"-2.04";"NEUTRAL";"C12H21N5O2S2";"CNC(=C[N+](=O)[O-])NCCSCc1csc(CN(C)C)n1";"SGXXNSQHWDMGGP-UHFFFAOYSA-N"
"CHEMBL524004";"MEPENZOLATE";"MEPENZOLATE|MEPENZOLATE BROMIDE FREE BASE|MEPENZOLATE CATION|MEPENZOLATE ION";"Small molecule";"4.0";"340.44";"2";"5";"2.70";"46.53";"3";"1";"0";"4";"N";"0.69";"11.05";"None";"-0.97";"-0.97";"2";"MOL";"0";"25";"4";"1";"0";"340.1907";"0.30";"NEUTRAL";"C21H26NO3+";"C[N+]1(C)CCCC(OC(=O)C(O)(c2ccccc2)c2ccccc2)C1";"GKNPSSNBBWDAGH-UHFFFAOYSA-N"
"CHEMBL1514";"LEVOMETHADYL ACETATE";"LAA-M|LAAM|LEVACETYLMETHADOL|LEVO-ALPHACETYLMETHADOL|LEVOACETYL METHADOL|LEVOMETHADYL ACETATE|Levomethadyl acetate";"Small molecule";"4.0";"353.51";"6";"9";"4.65";"29.54";"3";"0";"0";"8";"N";"0.65";"None";"9.87";"4.88";"2.45";"2";"MOL";"0";"26";"3";"0";"0";"353.2355";"0.13";"BASE";"C23H31NO2";"CC[C@H](OC(C)=O)C(C[C@H](C)N(C)C)(c1ccccc1)c1ccccc1";"XBMIVRRWGCYBTQ-AVRDEDQJSA-N"
"CHEMBL1395";"METHYLTESTOSTERONE";"17-METHYLTESTOSTERONE|ANDROID 10|ANDROID 25|ANDROID 5|CDB-110|L 589.372|L-589.372|L-589372|METHYLTESTOSTERONE|METHYLTESTOSTERONE CIII|Metandren|Methitest|Methyltestosterone|NSC-139965|NSC-9701|ORETON METHYL|OXANDROLONE IMPURITY, METHYLTESTOSTERONE-|Oreton|PERANDREN|PLEX HORMONE|POTENSAN FTE|RU 24400|RU-24400|TESTOVIS|Testred|U-2842|VIRILON";"Small molecule";"4.0";"302.46";"136";"2045";"4.27";"37.30";"2";"1";"0";"0";"N";"0.73";"None";"None";"3.65";"3.65";"0";"MOL";"0";"22";"2";"1";"0";"302.2246";"2.12";"NEUTRAL";"C20H30O2";"C[C@]12CCC(=O)C=C1CC[C@@H]1[C@@H]2CC[C@@]2(C)[C@H]1CC[C@]2(C)O";"GCKMFJBGXUYNAG-HLXURNFRSA-N"
"CHEMBL480";"LANSOPRAZOLE";"A-65006|AG-1749|AGOPTON|LANSOPRAZOLE|LANSOX|LANZOPRAZOLE|LANZOR|LIMPIDEX|NSC-758638|OGAST|OGASTORO|OPIREN|PREVACID 24 HR|PREVACID IV|PREVONCO|Prevacid|Prevacid Delayed Release|Prevacid SoluTab|TAKEPRON|ZOTON";"Small molecule";"4.0";"369.37";"215";"952";"3.52";"73.86";"4";"1";"0";"5";"N";"0.70";"9.35";"4.16";"3.03";"3.03";"3";"MOL";"0";"25";"5";"1";"0";"369.0759";"-0.96";"NEUTRAL";"C16H14F3N3O2S";"Cc1c(OCC(F)(F)F)ccnc1C[S+]([O-])c1nc2ccccc2[nH]1";"MJIHNNLFOKEZEW-UHFFFAOYSA-N"
"CHEMBL130";"CHLORAMPHENICOL";"9-HYDROXY-9-PHENYLXANTHENE|9-PHENYL-9H-XANTHEN-9-OL|AMPHICOL|BROCHLOR|BROLENE ANTIBIOTIC|CHLORAMPHENICOL|CHLOROFAIR|CHLOROPTIC|CHLOROPTIC S.O.P.|Chloramex|Chloramphenicol|Chlorbiotic|Chloromycetin|ECONOCHLOR|GOLDEN EYE ANTIBIOTIC|KEMICETINE|KLORAFECT|Kernispray|MYCHEL|Mychel-S|NSC-16331|NSC-3069|OPHTHOCHLOR|OPTOMYCIN|SNO PHENICOL|TUBILUX INFECTED EYES|Tevcocin|XANTHEN-9-OL, 9-PHENYL-";"Small molecule";"4.0";"323.13";"431";"6055";"0.91";"112.70";"5";"3";"0";"6";"N";"0.41";"8.69";"None";"0.88";"0.86";"1";"MOL";"0";"20";"7";"3";"0";"322.0123";"-0.11";"NEUTRAL";"C11H12Cl2N2O5";"O=C(N[C@H](CO)[C@H](O)c1ccc([N+](=O)[O-])cc1)C(Cl)Cl";"WIIZWVCIJKGZOK-RKDXNWHRSA-N"
"CHEMBL32800";"FENOTEROL";"AIRUM|BERODUAL|BERODUAL N|BEROTEC|BEROTEC 100|BEROTEC 200|Berotec [as hydrobromide]|DOSBEROTEC|DUOVENT|FENOTEROL|FENOTEROL HBR|FENOTEROL HYDROBROMIDE|NSC-757811|PARTUSISTEN|TH 1165A|TH 1165A FREE BASE|TH 1165A [AS HYDROBROMIDE SALT]|TH-1165|TH-1165A|TH-1165A FREE BASE";"Small molecule";"4.0";"303.36";"41";"95";"2.06";"92.95";"5";"5";"0";"6";"N";"0.56";"8.85";"9.63";"1.47";"0.33";"2";"MOL";"0";"22";"5";"5";"0";"303.1471";"0.43";"BASE";"C17H21NO4";"CC(Cc1ccc(O)cc1)NCC(O)c1cc(O)cc(O)c1";"LSLYOANBFKQKPT-UHFFFAOYSA-N"
"CHEMBL606";"MISOPROSTOL";"Cytotec|MISOPROSTOL|MYSODELLE|SC-29333|TOPOGYNE";"Small molecule";"4.0";"382.54";"24";"111";"3.95";"83.83";"5";"2";"0";"13";"N";"0.29";"None";"None";"3.86";"3.86";"0";"MOL";"0";"27";"5";"2";"0";"382.2719";"1.41";"NEUTRAL";"C22H38O5";"CCCCC(C)(O)C/C=C/[C@H]1[C@H](O)CC(=O)[C@@H]1CCCCCCC(=O)OC";"OJLOPKGSLYJEMD-URPKTTJQSA-N"
"CHEMBL1618102";"BUTYLSCOPOLAMINE";"BUTYLSCOPOLAMINE|N-BUTYLSCOPOLAMMONIUM|N-BUTYLSCOPOLAMMONIUM CATION|N-BUTYLSCOPOLAMMONIUM ION";"Small molecule";"4.0";"360.47";"1";"2";"2.23";"59.06";"4";"1";"0";"7";"N";"0.46";"None";"None";"-1.94";"-1.94";"1";"MOL";"0";"26";"5";"1";"0";"360.2169";"1.00";"NEUTRAL";"C21H30NO4+";"CCCC[N+]1(C)[C@@H]2C[C@@H](OC(=O)[C@H](CO)c3ccccc3)C[C@H]1[C@@H]1O[C@@H]12";"YBCNXCRZPWQOBR-WVHCHWADSA-N"
"CHEMBL1551";"URSODIOL";"Actigall|CHOLURSO|DESTOLIT|NSC-683769|URDOX|URSO 250|URSO FORTE|URSODEOXYCHOLATE|URSODEOXYCHOLIC ACID|URSODESOXYCHOLIC ACID|URSODIOL|URSOFALK|URSOGAL|URSONORM|Urso";"Small molecule";"4.0";"392.58";"117";"330";"4.48";"77.76";"3";"3";"0";"4";"N";"0.66";"4.60";"None";"3.71";"0.98";"0";"MOL";"0";"28";"4";"3";"0";"392.2927";"2.43";"ACID";"C24H40O4";"C[C@H](CCC(=O)O)[C@H]1CC[C@H]2[C@@H]3[C@@H](O)C[C@@H]4C[C@H](O)CC[C@]4(C)[C@H]3CC[C@]12C";"RUDATBOHQWOJDD-UZVSRGJWSA-N"
"CHEMBL459324";"DIACETYLMORPHINE";"DIACETYLMORPHINE|IDS-NH-001|IDS-NH-001(SECT.3)|J6.494G";"Small molecule";"4.0";"369.42";"2";"8";"1.99";"65.07";"6";"0";"0";"2";"N";"0.45";"None";"9.10";"1.55";"-0.15";"1";"MOL";"0";"27";"6";"0";"0";"369.1576";"2.11";"BASE";"C21H23NO5";"CC(=O)Oc1ccc2c3c1O[C@H]1[C@@H](OC(C)=O)C=C[C@H]4[C@@H](C2)N(C)CC[C@@]341";"GVGLGOZIDCSQPN-PVHGPHFFSA-N"
"CHEMBL635";"PREDNISONE";"3EN3HG4WSW|CORTAN|CORTANCYL|DECORTIN|DECORTISYL|DEHYDROCORTISONE|Delta-dome|Deltasone|FERNISONE|LIQUID PRED|LODOTRA|METACORTANDRACIN|Meticorten|NSC-10023|Orasone|PARACORT|PREDNICEN-M|PREDNISONE|PREDNISONE ANHYDROUS|PREDNISONE INTENSOL|PREDNISONE TABLETS|Prednisone|RAYOS|SERVISONE|SUPERCORTIL|Sterapred";"Small molecule";"4.0";"358.43";"213";"855";"1.77";"91.67";"5";"2";"0";"2";"N";"0.78";"12.58";"None";"1.66";"1.66";"0";"MOL";"0";"26";"5";"2";"0";"358.1780";"2.27";"NEUTRAL";"C21H26O5";"C[C@]12C=CC(=O)C=C1CC[C@@H]1[C@@H]2C(=O)C[C@@]2(C)[C@H]1CC[C@]2(O)C(=O)CO";"XOFYZVNMUHMLCC-ZPOLXVRWSA-N"
"CHEMBL2103837";"TAFAMIDIS";"FX-1005|FX-1006|FX1006|TAFAMIDIS|VYNDAMAX|VYNDAQEL";"Small molecule";"4.0";"308.12";"11";"163";"4.50";"63.33";"3";"1";"0";"2";"N";"0.76";"3.60";"None";"4.21";"0.87";"3";"MOL";"0";"20";"4";"1";"0";"306.9803";"-1.27";"ACID";"C14H7Cl2NO3";"O=C(O)c1ccc2nc(-c3cc(Cl)cc(Cl)c3)oc2c1";"TXEIIPDJKFWEEC-UHFFFAOYSA-N"
"CHEMBL427216";"GLICLAZIDE";"BILXONA|DACADIS MR|DIAGLYK|DIAMICRON|DIAMICRON MR|EDICIL|GLICLAZIDE|GLIMICRON|GLIMIL|J3.151H|NAZDOL MR|NSC-758673|S-1702|S-852|SE 1702|SE-1702|VAMJU|VITILE XL|ZICLASEG|ZICRON|ZICRON PR";"Small molecule";"4.0";"323.42";"136";"708";"1.63";"78.51";"4";"2";"0";"3";"N";"0.89";"4.07";"1.38";"1.73";"0.79";"1";"MOL";"0";"22";"6";"2";"0";"323.1304";"-0.87";"ACID";"C15H21N3O3S";"Cc1ccc(S(=O)(=O)NC(=O)NN2CC3CCCC3C2)cc1";"BOVGTQGAOIONJV-UHFFFAOYSA-N"
"CHEMBL632";"BETAMETHASONE";"ALPHATREX|BETA-VAL|BETAMETHASONE|BETNELAN|Betasolan|Betatrex|Celestone|Dermabet|FLUBENISOLONE|Lotrisone|NSC-39470|SCH 4831|SCH-4831|Taclonex|Uticort|VISUBETA";"Small molecule";"4.0";"392.47";"151";"820";"1.90";"94.83";"5";"3";"0";"2";"N";"0.67";"12.42";"None";"1.68";"1.68";"0";"MOL";"0";"28";"5";"3";"0";"392.1999";"2.21";"NEUTRAL";"C22H29FO5";"C[C@H]1C[C@H]2[C@@H]3CCC4=CC(=O)C=C[C@]4(C)[C@@]3(F)[C@@H](O)C[C@]2(C)[C@@]1(O)C(=O)CO";"UREBDLICKHMUKA-DVTGEIKXSA-N"
"CHEMBL63857";"PHENOLPHTHALEIN";"ALOPHEN|Ex-Lax|PHENOLPHTHALEIN|Prulet";"Small molecule";"4.0";"318.33";"64";"127";"3.56";"66.76";"4";"2";"0";"2";"N";"0.71";"9.16";"None";"4.35";"4.35";"3";"MOL";"0";"24";"4";"2";"0";"318.0892";"0.41";"NEUTRAL";"C20H14O4";"O=C1OC(c2ccc(O)cc2)(c2ccc(O)cc2)c2ccccc21";"KJFMBFZCATUALV-UHFFFAOYSA-N"
"CHEMBL942";"BISACODYL";"BIOLAX|BISACODYL|Bisacodyl|Correctol Tablets, Caplets|DULCODOS|Dulcolax|ENTROLAX|EVAC-Q-TABS|Feen-a-Mint Tablets|MODANE|NSC-755914|SK-Bisacodyl|Theralax";"Small molecule";"4.0";"361.40";"217";"629";"4.11";"65.49";"5";"0";"0";"5";"N";"0.51";"None";"4.08";"3.61";"3.61";"3";"MOL";"0";"27";"5";"0";"0";"361.1314";"-0.36";"NEUTRAL";"C22H19NO4";"CC(=O)Oc1ccc(C(c2ccc(OC(C)=O)cc2)c2ccccn2)cc1";"KHOITXIGCFIULA-UHFFFAOYSA-N"
"CHEMBL1502";"PANTOPRAZOLE";"ALTOPAN|BY 1023|BY-1023|NSC-759257|PANTOCID|PANTOLOC|PANTOLOC CONTROL|PANTOPRAZOLE|PANTOZOL|PROTIUM|PROTIUM I.V.|Pantoprazole|Protonix|SK&F 96022|SK&F-96022|SK-96022|SKF-96022|ZOVANTA";"Small molecule";"4.0";"383.38";"150";"684";"2.88";"92.32";"6";"1";"0";"7";"N";"0.63";"9.54";"3.55";"2.18";"2.17";"3";"MOL";"0";"26";"7";"1";"0";"383.0751";"-0.88";"NEUTRAL";"C16H15F2N3O4S";"COc1ccnc(C[S+]([O-])c2nc3cc(OC(F)F)ccc3[nH]2)c1OC";"IQPSEEYGBUAQFF-UHFFFAOYSA-N"
"CHEMBL1201232";"ISOPROPAMIDE";"ISOPROPAMIDE|ISOPROPAMIDE CATION|ISOPROPAMIDE ION|Isopropamide";"Small molecule";"4.0";"353.53";"15";"42";"4.11";"43.09";"1";"1";"0";"8";"N";"0.71";"None";"None";"0.14";"0.14";"2";"MOL";"0";"26";"3";"2";"0";"353.2587";"0.14";"NEUTRAL";"C23H33N2O+";"CC(C)[N+](C)(CCC(C(N)=O)(c1ccccc1)c1ccccc1)C(C)C";"JTPUMZTWMWIVPA-UHFFFAOYSA-O"
"CHEMBL1201335";"GLYCOPYRRONIUM";"GLYCOPYRROLATE CATION|GLYCOPYRROLATE ION|GLYCOPYRRONIUM|GLYCOPYRRONIUM CATION|GLYCOPYRRONIUM ION|GLYCOPYRRONIUM, ERYTHRO-";"Small molecule";"4.0";"318.44";"11";"24";"2.46";"46.53";"3";"1";"0";"4";"N";"0.69";"11.53";"None";"-1.41";"-1.41";"1";"MOL";"0";"23";"4";"1";"0";"318.2064";"0.36";"NEUTRAL";"C19H28NO3+";"C[N+]1(C)CCC(OC(=O)C(O)(c2ccccc2)C2CCCC2)C1";"ANGKOCUUWGHLCE-UHFFFAOYSA-N"
"CHEMBL1201264";"METHANTHELINE";"METHANTHELINE|METHANTHELINE CATION|METHANTHELINE ION|METHANTHELINIUM|Methantheline";"Small molecule";"4.0";"340.44";"9";"10";"3.95";"35.53";"3";"0";"0";"6";"N";"0.59";"None";"None";"-0.47";"-0.47";"2";"MOL";"0";"25";"4";"0";"0";"340.1907";"-0.03";"NEUTRAL";"C21H26NO3+";"CC[N+](C)(CC)CCOC(=O)C1c2ccccc2Oc2ccccc21";"GZHFODJQISUKAY-UHFFFAOYSA-N"
"CHEMBL1450";"ATOVAQUONE";"566C|566C80|ATOVAQUONE|Mepron|NSC-759582|WELLVONE";"Small molecule";"4.0";"366.84";"49";"490";"5.51";"54.37";"3";"1";"1";"2";"N";"0.76";"5.73";"None";"5.00";"3.33";"2";"MOL";"0";"26";"3";"1";"1";"366.1023";"0.20";"ACID";"C22H19ClO3";"O=C1C(O)=C([C@H]2CC[C@H](c3ccc(Cl)cc3)CC2)C(=O)c2ccccc21";"KUCQYCKVKVOKAY-CTYIDZIISA-N"
"CHEMBL376359";"ALOGLIPTIN";"ALOGLIPTIN|VIPIDIA";"Small molecule";"4.0";"339.40";"22";"117";"0.39";"97.05";"7";"1";"0";"3";"N";"0.87";"None";"9.47";"1.16";"-0.87";"2";"MOL";"0";"25";"7";"2";"0";"339.1695";"-1.32";"BASE";"C18H21N5O2";"Cn1c(=O)cc(N2CCC[C@@H](N)C2)n(Cc2ccccc2C#N)c1=O";"ZSBOMTDTBDDKMP-OAHLLOKOSA-N"
"CHEMBL431770";"ISTRADEFYLLINE";"ISTRADEFYLLINE|KW-6002|NOURIANZ|NOURIAST";"Small molecule";"4.0";"384.44";"25";"133";"2.12";"80.28";"8";"0";"0";"6";"N";"0.65";"None";"None";"2.42";"2.42";"3";"MOL";"0";"28";"8";"0";"0";"384.1798";"-0.68";"NEUTRAL";"C20H24N4O4";"CCn1c(=O)c2c(nc(/C=C/c3ccc(OC)c(OC)c3)n2C)n(CC)c1=O";"IQVRBWUUXZMOPW-PKNBQFBNSA-N"
"CHEMBL1521";"ZALEPLON";"CL 284,846|CL-284846|L-846|L846|LJC 10846|LJC-10846|SKP-1041|Sonata|ZAL-846|ZALEPLON|ZALEPLON CIV|ZERENE";"Small molecule";"4.0";"305.34";"138";"769";"2.64";"74.29";"5";"0";"0";"3";"N";"0.75";"None";"0.28";"1.53";"1.53";"3";"MOL";"0";"23";"6";"0";"0";"305.1277";"-2.10";"NEUTRAL";"C17H15N5O";"CCN(C(C)=O)c1cccc(-c2ccnc3c(C#N)cnn23)c1";"HUNXMJYCHXQEGX-UHFFFAOYSA-N"
"CHEMBL76370";"TEGASEROD";"HTF 919|SDZ-HTF-919|TEGASEROD|Zelmac";"Small molecule";"4.0";"301.39";"25";"109";"2.81";"85.29";"3";"4";"0";"7";"N";"0.27";"None";"8.50";"2.95";"1.84";"2";"MOL";"0";"22";"6";"4";"0";"301.1903";"-0.54";"BASE";"C16H23N5O";"CCCCCNC(=N)N/N=C/c1c[nH]c2ccc(OC)cc12";"IKBKZGMPCYNSLU-RGVLZGJSSA-N"
"CHEMBL1790041";"RANITIDINE";"NSC-757851|RANITIDINE|Ranitidine|Tritec|Zantac";"Small molecule";"4.0";"314.41";"173";"2488";"1.46";"83.58";"7";"2";"0";"10";"N";"0.38";"None";"7.80";"0.99";"0.45";"1";"MOL";"0";"21";"7";"2";"0";"314.1413";"-1.29";"NEUTRAL";"C13H22N4O3S";"CNC(=C[N+](=O)[O-])NCCSCc1ccc(CN(C)C)o1";"VMXUWOKSQNHOCA-UHFFFAOYSA-N"
"CHEMBL655";"MIDAZOLAM";"MIDAZOLAM|MIDAZOLAM CIV|MIDAZOLAM IN 0.8% SODIUM CHLORIDE|MIDAZOLAM IN 0.9% SODIUM CHLORIDE|NAYZILAM|USL-261|USL261";"Small molecule";"4.0";"325.77";"54";"365";"4.32";"30.18";"3";"0";"0";"1";"N";"0.65";"None";"6.19";"3.97";"3.95";"3";"MOL";"0";"23";"3";"0";"0";"325.0782";"-0.60";"NEUTRAL";"C18H13ClFN3";"Cc1ncc2n1-c1ccc(Cl)cc1C(c1ccccc1F)=NC2";"DDLIGBOFAVUZHB-UHFFFAOYSA-N"
"CHEMBL911";"ZOLPIDEM";"Ambien|SANVAL|ZOLPIDEM|ZOLPIDEM CIV|Zolpidem";"Small molecule";"4.0";"307.40";"59";"354";"3.25";"37.61";"3";"0";"0";"3";"N";"0.74";"None";"5.39";"3.02";"3.01";"3";"MOL";"0";"23";"4";"0";"0";"307.1685";"-1.87";"NEUTRAL";"C19H21N3O";"Cc1ccc(-c2nc3ccc(C)cn3c2CC(=O)N(C)C)cc1";"ZAFYATHCZYHLPB-UHFFFAOYSA-N"
"CHEMBL361497";"ARTESUNATE";".ALPHA.-ARTESUNIC ACID|ARTESUNATE|ARTESUNATUM|ARTESUNIC ACID|Arsumax|DIHYDROQINGHAOSU HEMISUCCINATE|LJPC-0118|NSC-712571|PLASMOTRIN|QINGHAOZHI|SAPHNATE|ZYSUNATE";"Small molecule";"4.0";"384.43";"103";"799";"2.60";"100.52";"7";"1";"0";"4";"N";"0.58";"3.77";"None";"3.10";"-0.17";"0";"MOL";"0";"27";"8";"1";"0";"384.1784";"3.15";"ACID";"C19H28O8";"C[C@H]1[C@H](OC(=O)CCC(=O)O)O[C@@H]2O[C@@]3(C)CC[C@H]4[C@H](C)CC[C@@H]1[C@@]24OO3";"FIHJKUPKCHIPAT-AHIGJZGOSA-N"
"CHEMBL1900528";"TIOTROPIUM";"BRALTUS|SPIRIVA|SPIRIVA RESPIMAT|TIOTROPIUM|TIOTROPIUM CATION|TIOTROPIUM ION";"Small molecule";"4.0";"392.52";"14";"46";"2.35";"59.06";"6";"1";"0";"4";"N";"0.49";"10.35";"None";"-1.76";"-1.75";"2";"MOL";"0";"26";"5";"1";"0";"392.0985";"0.51";"NEUTRAL";"C19H22NO4S2+";"C[N+]1(C)[C@@H]2C[C@@H](OC(=O)C(O)(c3cccs3)c3cccs3)C[C@H]1[C@@H]1O[C@@H]12";"LERNTVKEWCAPOY-DZZGSBJMSA-N"
"CHEMBL1382";"TOLTERODINE";"BLERONE XL|DETRUSITOL|DETRUSITOL XL|EFFLOSOMYL XL|INCONEX XL|KABI 2234|KABI-2234|MARIOSEA XL|NEDITOL XL|PREBLACON XL|SANTIZOR XL|TOLTERODINE|Tolterodine";"Small molecule";"4.0";"325.50";"41";"155";"5.34";"23.47";"2";"1";"1";"7";"N";"0.74";"10.28";"11.01";"5.12";"2.76";"2";"MOL";"0";"24";"2";"1";"1";"325.2406";"-0.36";"BASE";"C22H31NO";"Cc1ccc(O)c([C@H](CCN(C(C)C)C(C)C)c2ccccc2)c1";"OOGJQPCLVADCPB-HXUWFJFHSA-N"
"CHEMBL1095777";"INDACATEROL";"INDACATEROL|INDACTEROL|ONBREZ|QAB-149|QAB149|QABI49";"Small molecule";"4.0";"392.50";"45";"1213";"3.15";"85.35";"4";"4";"0";"6";"N";"0.52";"8.51";"9.71";"3.26";"2.32";"3";"MOL";"0";"29";"5";"4";"0";"392.2100";"0.35";"BASE";"C24H28N2O3";"CCc1cc2c(cc1CC)CC(NC[C@H](O)c1ccc(O)c3[nH]c(=O)ccc13)C2";"QZZUEBNBZAPZLX-QFIPXVFZSA-N"
"CHEMBL385517";"SAXAGLIPTIN";"BMS-477118|BMS-477118-11|SAXAGLIPTIN";"Small molecule";"4.0";"315.42";"28";"121";"1.16";"90.35";"4";"2";"0";"2";"N";"0.80";"None";"7.90";"-0.08";"-0.70";"0";"MOL";"0";"23";"5";"3";"0";"315.1947";"0.17";"NEUTRAL";"C18H25N3O2";"N#C[C@@H]1C[C@@H]2C[C@@H]2N1C(=O)[C@@H](N)C12CC3CC(CC(O)(C3)C1)C2";"QGJUIPDUBHWZPV-SGTAVMJGSA-N"
"CHEMBL1187724";"METHYLATROPINE";"METHYLATROPINE|METHYLATROPINIUM|METHYLATROPINIUM CATION|METHYLATROPINIUM ION|N-METHYLATROPINE";"Small molecule";"4.0";"304.41";"5";"6";"2.08";"46.53";"3";"1";"0";"4";"N";"0.68";"None";"None";"-2.59";"-2.59";"1";"MOL";"0";"22";"4";"1";"0";"304.1907";"0.87";"NEUTRAL";"C18H26NO3+";"C[N+]1(C)[C@@H]2CC[C@H]1C[C@@H](OC(=O)C(CO)c1ccccc1)C2";"PIPAJLPNWZMYQA-KNCRFDSUSA-N"
"CHEMBL620";"CLIDINIUM";"CLIDINIUM CATION|CLIDINIUM ION|Clidinium";"Small molecule";"4.0";"352.45";"2";"6";"2.70";"46.53";"3";"1";"0";"4";"N";"0.68";"11.05";"None";"-1.08";"-1.08";"2";"MOL";"0";"26";"4";"1";"0";"352.1907";"0.40";"NEUTRAL";"C22H26NO3+";"C[N+]12CCC(CC1)C(OC(=O)C(O)(c1ccccc1)c1ccccc1)C2";"HOOSGZJRQIVJSZ-UHFFFAOYSA-N"
"CHEMBL1201286";"OXYPHENONIUM";"OXYPHENONIUM|OXYPHENONIUM CATION|OXYPHENONIUM ION|Oxyphenonium";"Small molecule";"4.0";"348.51";"4";"11";"3.48";"46.53";"3";"1";"0";"8";"N";"0.58";"11.53";"None";"-0.20";"-0.20";"1";"MOL";"0";"25";"4";"1";"0";"348.2533";"0.09";"NEUTRAL";"C21H34NO3+";"CC[N+](C)(CC)CCOC(=O)C(O)(c1ccccc1)C1CCCCC1";"GFRUPHOKLBPHTQ-UHFFFAOYSA-N"
"CHEMBL1697838";"GLYMIDINE";"GLIDIAZINE|GLYCODIAZINE|GLYMIDINE|GONDAFON|REDUL";"Small molecule";"4.0";"309.35";"3";"5";"1.30";"90.41";"6";"1";"0";"7";"N";"0.78";"6.92";"None";"1.01";"0.54";"2";"MOL";"0";"21";"7";"1";"0";"309.0783";"-1.63";"NEUTRAL";"C13H15N3O4S";"COCCOc1cnc(NS(=O)(=O)c2ccccc2)nc1";"QFWPJPIVLCBXFJ-UHFFFAOYSA-N"
"CHEMBL650";"METHYLPREDNISOLONE";"J3.872E|MEDRONE|METHYLPREDNISOLONE|Medrol|Methylprednisolone|NSC-19987|U-67,590A";"Small molecule";"4.0";"374.48";"215";"511";"1.80";"94.83";"5";"3";"0";"2";"N";"0.69";"12.59";"None";"1.56";"1.56";"0";"MOL";"0";"27";"5";"3";"0";"374.2093";"2.58";"NEUTRAL";"C22H30O5";"C[C@H]1C[C@@H]2[C@H]([C@@H](O)C[C@@]3(C)[C@H]2CC[C@]3(O)C(=O)CO)[C@@]2(C)C=CC(=O)C=C12";"VHRSUDSXCMQTMA-PJHHCJLFSA-N"
"CHEMBL502";"DONEPEZIL";"Aricept|D-797|DONAZ|DONEPEZIL|Donepezil|E-2020";"Small molecule";"4.0";"379.50";"100";"1682";"4.36";"38.77";"4";"0";"0";"6";"N";"0.75";"None";"8.54";"4.21";"3.04";"2";"MOL";"0";"28";"4";"0";"0";"379.2147";"-0.06";"BASE";"C24H29NO3";"COc1cc2c(cc1OC)C(=O)C(CC1CCN(Cc3ccccc3)CC1)C2";"ADEBPBSSDYVVLD-UHFFFAOYSA-N"
"CHEMBL1888176";"TROSPIUM";"TROSPIUM|TROSPIUM CATION|TROSPIUM ION|Trospium";"Small molecule";"4.0";"392.52";"4";"4";"3.77";"46.53";"3";"1";"0";"4";"N";"0.64";"11.05";"None";"-0.50";"-0.50";"2";"MOL";"0";"29";"4";"1";"0";"392.2220";"0.25";"NEUTRAL";"C25H30NO3+";"O=C(O[C@H]1C[C@H]2CC[C@@H](C1)[N+]21CCCC1)C(O)(c1ccccc1)c1ccccc1";"OYYDSUSKLWTMMQ-JKHIJQBDSA-N"
"CHEMBL15245";"YOHIMBINE";"YOHIMBINE|YOHIMBINUM|Yohimbine";"Small molecule";"4.0";"354.45";"176";"583";"2.65";"65.56";"4";"2";"0";"1";"N";"0.77";"None";"7.22";"2.10";"1.88";"2";"MOL";"0";"26";"5";"2";"0";"354.1943";"1.17";"NEUTRAL";"C21H26N2O3";"COC(=O)[C@@H]1[C@H]2C[C@H]3c4[nH]c5ccccc5c4CCN3C[C@@H]2CC[C@@H]1O";"BLGXFZZNTVWLAY-SCYLSFHTSA-N"
"CHEMBL709";"ALFUZOSIN";"ALFUZOSIN|Alfuzosin|NSC-760065|Uroxatral";"Small molecule";"4.0";"389.46";"45";"125";"1.35";"111.83";"8";"2";"0";"8";"N";"0.65";"None";"7.30";"1.19";"0.94";"2";"MOL";"0";"28";"9";"3";"0";"389.2063";"-0.80";"NEUTRAL";"C19H27N5O4";"COc1cc2nc(N(C)CCCNC(=O)C3CCCO3)nc(N)c2cc1OC";"WNMJYKCGWZFFKR-UHFFFAOYSA-N"
"CHEMBL1095607";"REPROTEROL";"D-1959|REPROTEROL";"Small molecule";"4.0";"389.41";"2";"2";"-0.44";"134.54";"10";"4";"0";"7";"N";"0.40";"8.84";"9.66";"-1.19";"-2.34";"3";"MOL";"0";"28";"10";"4";"0";"389.1699";"-0.60";"BASE";"C18H23N5O5";"Cn1c(=O)c2c(ncn2CCCNCC(O)c2cc(O)cc(O)c2)n(C)c1=O";"WVLAAKXASPCBGT-UHFFFAOYSA-N"
"CHEMBL2110674";"HYALURONATE";"HYALURONATE|HYALURONIC ACID";"Small molecule";"4.0";"381.33";"";"";"-4.13";"195.24";"10";"7";"1";"5";"N";"0.24";"3.41";"None";"-3.98";"-7.38";"0";"MOL";"0";"26";"12";"7";"2";"381.1271";"1.74";"ACID";"C14H23NO11";"CC(=O)N[C@@H]1C[C@H](O)[C@@H](CO)O[C@H]1O[C@H]1[C@H](O)[C@@H](O)[C@H](O)O[C@@H]1C(=O)O";"WCDDVEOXEIYWFB-VXORFPGASA-N"
"CHEMBL710";"FINASTERIDE";"AINDEEM|FINASTERIDE|MK-906|NSC-741485|NSC-759318|PROSTIDE|Propecia|Proscar";"Small molecule";"4.0";"372.55";"160";"1182";"3.81";"58.20";"2";"2";"0";"1";"N";"0.74";"None";"0.33";"3.07";"3.07";"0";"MOL";"0";"27";"4";"2";"0";"372.2777";"1.84";"NEUTRAL";"C23H36N2O2";"CC(C)(C)NC(=O)[C@H]1CC[C@H]2[C@@H]3CC[C@H]4NC(=O)C=C[C@]4(C)[C@H]3CC[C@]12C";"DBEPLOCGEIEOCV-WSBQPABSSA-N"
"CHEMBL135400";"ZOPICLONE";"AMOBAN|IMOVANE|NSC-758463|RP 27267|RP-27267|ZILEZE 3.75|ZILEZE 7.5|ZIMOVANE|ZIMOVANE LS|ZOPICLONE";"Small molecule";"4.0";"388.82";"38";"562";"1.57";"91.76";"7";"0";"0";"2";"N";"0.77";"8.04";"6.86";"0.52";"0.59";"2";"MOL";"0";"27";"9";"0";"0";"388.1051";"-0.99";"NEUTRAL";"C17H17ClN6O3";"CN1CCN(C(=O)OC2c3nccnc3C(=O)N2c2ccc(Cl)cn2)CC1";"GBBSUAFBMRNDJC-UHFFFAOYSA-N"
"CHEMBL1621597";"IPRATROPIUM";"IPRATROPIUM|IPRATROPIUM CATION|IPRATROPIUM ION";"Small molecule";"4.0";"332.46";"16";"27";"2.85";"46.53";"3";"1";"0";"5";"N";"0.67";"None";"None";"-1.82";"-1.82";"1";"MOL";"0";"24";"4";"1";"0";"332.2220";"0.73";"NEUTRAL";"C20H30NO3+";"CC(C)[N+]1(C)[C@@H]2CC[C@H]1C[C@@H](OC(=O)C(CO)c1ccccc1)C2";"OEXHQOGQTVQTAT-BHIXFJMTSA-N"
"CHEMBL715";"OLANZAPINE";"ARKOLAMYL|LY-170053|LY170053|OLANSEK|OLANZAPINE|OLANZAPINE APOTEX|OLANZAPINE CIPLA|OLANZAPINE GLENMARK|OLANZAPINE MYLAN|OLANZAPINE TEVA|OLAZAX|OLAZAX DISPERZI|ZALASTA|ZYPREXA VELOTAB|ZYPREXA ZYDIS|Zyprexa";"Small molecule";"4.0";"312.44";"187";"1275";"3.44";"30.87";"5";"1";"0";"0";"N";"0.81";"13.17";"7.24";"3.39";"3.16";"2";"MOL";"0";"22";"4";"1";"0";"312.1409";"-0.99";"NEUTRAL";"C17H20N4S";"Cc1cc2c(s1)Nc1ccccc1N=C2N1CCN(C)CC1";"KVWDHTXUZHCGIO-UHFFFAOYSA-N"
"CHEMBL436";"TOLRESTAT";"AY-27,773|AY-27773|Alderase|Alredase|TOLRESTAT";"Small molecule";"4.0";"357.35";"23";"227";"3.56";"49.77";"3";"1";"0";"4";"N";"0.85";"3.95";"None";"3.35";"0.16";"2";"MOL";"0";"24";"4";"1";"0";"357.0646";"-0.14";"ACID";"C16H14F3NO3S";"COc1ccc2c(C(=S)N(C)CC(=O)O)cccc2c1C(F)(F)F";"LUBHDINQXIHVLS-UHFFFAOYSA-N"
"CHEMBL682";"AMODIAQUINE";"AMODIAQUIN|AMODIAQUINE|AMODIAQUINUM|Amodiaquine|GNF-Pf-5648|NSC-13453|SJ000110703|SUNOQUINE";"Small molecule";"4.0";"355.87";"42";"194";"5.18";"48.39";"4";"2";"1";"6";"N";"0.60";"9.10";"10.17";"3.80";"2.32";"3";"MOL";"0";"25";"4";"2";"1";"355.1451";"-1.16";"BASE";"C20H22ClN3O";"CCN(CC)Cc1cc(Nc2ccnc3cc(Cl)ccc23)ccc1O";"OVCDSSHSILBFBN-UHFFFAOYSA-N"
"CHEMBL76";"CHLOROQUINE";"Aralen|CHLOROCHINE|CHLOROQUINE|Chloroquine|NSC-187208";"Small molecule";"4.0";"319.88";"260";"5172";"4.81";"28.16";"3";"1";"0";"8";"N";"0.76";"None";"10.32";"3.93";"0.88";"2";"MOL";"0";"22";"3";"1";"0";"319.1815";"-1.27";"BASE";"C18H26ClN3";"CCN(CC)CCCC(C)Nc1ccnc2cc(Cl)ccc12";"WHTVZRBIWZFKQO-UHFFFAOYSA-N"
"CHEMBL190461";"CANNABIDIOL";"(-)-CANNABIDIOL|(-)-CBD|(-)-TRANS-CANNABIDIOL|.DELTA.1(2)-TRANS-CANNABIDIOL|BTX-1204|BTX-1503|CANNABIDIOL|CANNABIDIOL SOLUTION|CARDIOLRX|CBD|EPIDIOLEX|GWP-42003|GWP-42003-P|GWP42003|GWP42003-P";"Small molecule";"4.0";"314.47";"114";"360";"5.85";"40.46";"2";"2";"1";"6";"N";"0.51";"9.13";"None";"6.33";"6.32";"1";"MOL";"0";"23";"2";"2";"1";"314.2246";"1.98";"NEUTRAL";"C21H30O2";"C=C(C)[C@@H]1CCC(C)=C[C@H]1c1c(O)cc(CCCCC)cc1O";"QHMBSVQNZZTUGM-ZWKOTPCHSA-N"
"CHEMBL80";"NALOXONE";"DBL NALOXONE|NALOXONE|NSC-70413|Nalone|Naloxone|Narcan|Narcanti|Suboxone";"Small molecule";"4.0";"327.38";"189";"1269";"1.30";"70.00";"5";"2";"0";"2";"N";"0.80";"10.07";"7.84";"1.62";"1.04";"1";"MOL";"0";"24";"5";"2";"0";"327.1471";"1.94";"NEUTRAL";"C19H21NO4";"C=CCN1CC[C@]23c4c5ccc(O)c4O[C@H]2C(=O)CC[C@@]3(O)[C@H]1C5";"UZHSEJADLWPNLE-GRGSLBFTSA-N"
"CHEMBL1237055";"HYDROMORPHONE HYDROCHLORIDE";"DIHYDROMORPHINONE HYDROCHLORIDE|DILAUDID-HP|Dilaudid|EXALGO|HYDROMORPHONE HCL|HYDROMORPHONE HYDROCHLORIDE|HYDROMORPHONE HYDROCHLORIDE CII|Hydromorphone Hydrochloride|NSC-117862|PALLADONE|PALLADONE-SR";"Small molecule";"4.0";"321.80";"2";"10";"1.63";"49.77";"4";"1";"0";"0";"N";"0.79";"10.11";"8.59";"1.62";"0.58";"1";"MOL";"0";"21";"4";"1";"0";"285.1365";"2.07";"BASE";"C17H20ClNO3";"CN1CC[C@]23c4c5ccc(O)c4O[C@H]2C(=O)CC[C@H]3[C@H]1C5.Cl";"XHILEZUETWRSHC-NRGUFEMZSA-N"
"CHEMBL953";"ENTACAPONE";"COMTESS|Comtan|ENTACAPONE|ENTACAPONE ORION|ENTACAPONE TEVA|OR-611";"Small molecule";"4.0";"305.29";"49";"224";"1.78";"127.70";"6";"2";"0";"5";"N";"0.28";"6.09";"None";"1.63";"0.38";"1";"MOL";"0";"22";"8";"2";"0";"305.1012";"-0.89";"ACID";"C14H15N3O5";"CCN(CC)C(=O)/C(C#N)=C/c1cc(O)c(O)c([N+](=O)[O-])c1";"JRURYQJSLYLRLN-BJMVGYQFSA-N"
"CHEMBL465";"DRONABINOL";".DELTA.-9-TETRAHYDROCANNABINOL|.DELTA.1-THC|.DELTA.9-TETRAHYDROCANNABINOL|.DELTA.9-THC|ABBOTT 40566|ABBOTT-40566|DELTA-9-TETRAHYDROCANNABINOL|DELTA-9-THC|DRONABINOL|J882F|Marinol|NSC-134454|QCD 84924|QCD-84924|SP 104|SP-104|SYNDROS|TETRAHYDROCANNABINOL|TETRAHYDROCANNABINOLS (-)-TRANS-.DELTA.9-FORM";"Small molecule";"4.0";"314.47";"50";"404";"5.74";"29.46";"2";"1";"1";"4";"N";"0.57";"9.34";"None";"5.94";"5.94";"1";"MOL";"0";"23";"2";"1";"1";"314.2246";"2.31";"NEUTRAL";"C21H30O2";"CCCCCc1cc(O)c2c(c1)OC(C)(C)[C@@H]1CCC(C)=C[C@@H]21";"CYQFCXCEBYINGO-IAGOWNOFSA-N"
"CHEMBL1648";"ISRADIPINE";"DYNACIRC CR|Dynacirc|ISRADIPINE|ISRODIPINE|NSC-759892|PN 200-110|PN-200-110|PRESCAL";"Small molecule";"4.0";"371.39";"46";"152";"2.58";"103.55";"8";"1";"0";"4";"N";"0.82";"None";"None";"2.00";"2.00";"2";"MOL";"0";"27";"8";"1";"0";"371.1481";"-0.87";"NEUTRAL";"C19H21N3O5";"COC(=O)C1=C(C)NC(C)=C(C(=O)OC(C)C)C1c1cccc2nonc12";"HMJIYCCIJYRONP-UHFFFAOYSA-N"
"CHEMBL656";"OXYCODONE";"(-)-14-HYDROXYDIHYDROCODEINONE|14-HYDROXYDIHYDROCODEINONE|DIHYDRONE|IDS-NO-002|N02AA05|NSC-19043|OXICONE|OXYCODONE|OXYCODONE CII|OXYMORPHONE 3-METHYL ETHER|OxyContin|PAVINAL|PF-00345439|PROLADONE|PTI 821|PTI-821|REMOXY|XTAMPZA|XTAMPZA ER";"Small molecule";"4.0";"315.37";"34";"146";"1.05";"59.00";"5";"1";"0";"1";"N";"0.84";"13.57";"8.21";"1.03";"0.16";"1";"MOL";"0";"23";"5";"1";"0";"315.1471";"1.91";"NEUTRAL";"C18H21NO4";"COc1ccc2c3c1O[C@H]1C(=O)CC[C@@]4(O)[C@@H](C2)N(C)CC[C@]314";"BRUQQQPBMZOVGD-XFKAJCMBSA-N"
"CHEMBL70046";"SORIVUDINE";"BROVAVIR|BV-ARAU|Bravavir|SO 32,756|SO-32756|SORIVUDINE|SQ 32,756|SQ-32756|YN-72";"Small molecule";"4.0";"349.14";"17";"49";"-1.49";"124.78";"7";"4";"0";"3";"N";"0.53";"9.74";"None";"-1.40";"-1.40";"1";"MOL";"0";"20";"8";"4";"0";"347.9957";"1.30";"NEUTRAL";"C11H13BrN2O6";"O=c1[nH]c(=O)n([C@@H]2O[C@H](CO)[C@@H](O)[C@@H]2O)cc1/C=C/Br";"GCQYYIHYQMVWLT-HQNLTJAPSA-N"
"CHEMBL376897";"METHSCOPOLAMINE";"(-)-N-METHYLSCOPOLAMINE|METHSCOPOLAMINE CATION|METHSCOPOLAMINE ION|METHYLSCOPOLAMINE|Methylscopolamine|N-METHYLHYOSCINE|N-METHYLSCOPOLAMINE";"Small molecule";"4.0";"318.39";"24";"78";"1.06";"59.06";"4";"1";"0";"4";"N";"0.51";"None";"None";"-3.27";"-3.27";"1";"MOL";"0";"23";"5";"1";"0";"318.1700";"1.14";"NEUTRAL";"C18H24NO4+";"C[N+]1(C)[C@@H]2C[C@@H](OC(=O)[C@H](CO)c3ccccc3)C[C@H]1[C@@H]1O[C@@H]12";"LZCOQTDXKCNBEE-IKIFYQGPSA-N"
"CHEMBL902";"FAMOTIDINE";"AMFAMOX|FADUL|FAMODIL|FAMOSAN|FAMOTIDINE|FAMOTIDINE PRESERVATIVE FREE|FAMOTIDINE PRESERVATIVE FREE (PHARMACY BULK)|FAMOXAL|Fluxid|GANOR|GASTRIDIN|GASTROPEN|L 643341|LECEDIL|MK-208|MOTIAX|MUCLOX|NSC-757810|PEPCID AC|PEPCID PRESERVATIVE FREE|PEPCID RPD|PEPCIDAC|PEPDINE|PEPDUL|Pepcid|YM-11170";"Small molecule";"4.0";"337.46";"203";"2206";"-0.77";"175.83";"6";"4";"0";"7";"N";"0.29";"9.29";"8.38";"-1.95";"-2.67";"1";"MOL";"0";"20";"9";"8";"1";"337.0449";"-1.83";"NEUTRAL";"C8H15N7O2S3";"NC(N)=Nc1nc(CSCC/C(N)=N/S(N)(=O)=O)cs1";"XUFQPHANEAPEMJ-UHFFFAOYSA-N"
"CHEMBL651";"METHADONE";"Amidone|DIAMINON|DL-METHADONE|DOLOPHIN|Dolophine|HEPTADONE|Heptadon|IDS-NM-002|METASEDIN|METHADONE|Methadone|Methadose|PHENADONE|Phy|Physeptone|Symoron|Westadone";"Small molecule";"4.0";"309.45";"28";"131";"4.29";"20.31";"2";"0";"0";"7";"N";"0.76";"None";"9.12";"5.01";"3.29";"2";"MOL";"0";"23";"2";"0";"0";"309.2093";"-0.20";"BASE";"C21H27NO";"CCC(=O)C(CC(C)N(C)C)(c1ccccc1)c1ccccc1";"USSIQXCVUWKGNF-UHFFFAOYSA-N"
"CHEMBL646";"TRIAZOLAM";"Halcion|KENTION|N05CD05|TRIAZOLAM|TRIAZOLAM CIV|U-33,030|U-33030";"Small molecule";"4.0";"343.22";"55";"1594";"4.23";"43.07";"4";"0";"0";"1";"N";"0.66";"None";"4.26";"3.63";"3.63";"3";"MOL";"0";"23";"4";"0";"0";"342.0439";"-0.87";"NEUTRAL";"C17H12Cl2N4";"Cc1nnc2n1-c1ccc(Cl)cc1C(c1ccccc1Cl)=NC2";"JOFWLTCLBGQGBO-UHFFFAOYSA-N"
"CHEMBL1123";"DICYCLOMINE";"Bentyl|DICYCLOMINE|DICYCLOVERINE|DICYMINE|Dicyclomine|KOLANTYL";"Small molecule";"4.0";"309.49";"130";"634";"4.40";"29.54";"3";"0";"0";"7";"N";"0.65";"None";"8.96";"4.93";"3.36";"0";"MOL";"0";"22";"3";"0";"0";"309.2668";"0.23";"BASE";"C19H35NO2";"CCN(CC)CCOC(=O)C1(C2CCCCC2)CCCCC1";"CURUTKGFNZGFSE-UHFFFAOYSA-N"
"CHEMBL3039520";"LASMIDITAN";"COL-144|LASMIDITAN|LY573144|Lasmiditan";"Small molecule";"4.0";"377.37";"38";"1003";"3.28";"62.30";"4";"1";"0";"4";"N";"0.83";"12.23";"7.99";"3.30";"2.61";"2";"MOL";"0";"27";"5";"1";"0";"377.1351";"-1.44";"NEUTRAL";"C19H18F3N3O2";"CN1CCC(C(=O)c2cccc(NC(=O)c3c(F)cc(F)cc3F)n2)CC1";"XEDHVZKDSYZQBF-UHFFFAOYSA-N"
"CHEMBL4297364";"OXITROPIUM";"OXITROPIUM";"Small molecule";"4.0";"332.42";"";"";"1.45";"59.06";"4";"1";"0";"5";"N";"0.50";"None";"None";"-2.91";"-2.91";"1";"MOL";"0";"24";"5";"1";"0";"332.1856";"1.04";"NEUTRAL";"C19H26NO4+";"CC[N+]1(C)[C@@H]2CC(OC(=O)[C@H](CO)c3ccccc3)C[C@H]1[C@@H]1O[C@@H]12";"NVOYVOBDTVTBDX-AGUVMIOSSA-N"
"CHEMBL809";"SERTRALINE";"SERTRALINE|Sertraline";"Small molecule";"4.0";"306.24";"192";"992";"5.18";"12.03";"1";"1";"1";"2";"N";"0.81";"None";"9.56";"5.15";"3.02";"2";"MOL";"0";"20";"1";"1";"1";"305.0738";"0.12";"BASE";"C17H17Cl2N";"CN[C@H]1CC[C@@H](c2ccc(Cl)c(Cl)c2)c2ccccc21";"VGKDLMBJGBXTGI-SJCJKPOMSA-N"
"CHEMBL170";"QUININE";"(8S,9R)-6'-METHOXYCINCHONAN-9-OL|CHININUM PURUM|NSC-192949|QUININE|Quinine|REZQUIN|WR297608";"Small molecule";"4.0";"324.42";"90";"819";"3.17";"45.59";"4";"1";"0";"4";"N";"0.88";"13.89";"9.05";"2.51";"0.86";"2";"MOL";"0";"24";"4";"1";"0";"324.1838";"0.83";"BASE";"C20H24N2O2";"C=C[C@H]1CN2CC[C@H]1C[C@H]2[C@H](O)c1ccnc2ccc(OC)cc12";"LOUPRKONTZGTKE-WZBLMQSHSA-N"
"CHEMBL2079130";"VONOPRAZAN";"TAK-438|TAKECAB|VOCINTI|VONOPRAZAN";"Small molecule";"4.0";"345.40";"4";"13";"2.65";"63.99";"5";"1";"0";"5";"N";"0.77";"None";"8.94";"2.03";"0.49";"3";"MOL";"0";"24";"5";"1";"0";"345.0947";"-1.34";"BASE";"C17H16FN3O2S";"CNCc1cc(-c2ccccc2F)n(S(=O)(=O)c2cccnc2)c1";"BFDBKMOZYNOTPK-UHFFFAOYSA-N"
"CHEMBL817";"TOLAZAMIDE";"NSC-70762|TOLAZAMIDE|Tolinase|U-17835";"Small molecule";"4.0";"311.41";"160";"696";"1.77";"78.51";"4";"2";"0";"3";"N";"0.89";"4.07";"1.61";"1.91";"0.97";"1";"MOL";"0";"21";"6";"2";"0";"311.1304";"-1.26";"ACID";"C14H21N3O3S";"Cc1ccc(S(=O)(=O)NC(=O)NN2CCCCCC2)cc1";"OUDSBRTVNLOZBN-UHFFFAOYSA-N"
"CHEMBL661";"ALPRAZOLAM";"ALPRAZOLAM|ALPRAZOLAM CIV|NSC-760140|Niravam|U 31,889|U-31,889|U-31889|XANAX XR|Xanax";"Small molecule";"4.0";"308.77";"165";"821";"3.58";"43.07";"4";"0";"0";"1";"N";"0.69";"None";"5.01";"3.02";"3.02";"3";"MOL";"0";"22";"4";"0";"0";"308.0829";"-0.84";"NEUTRAL";"C17H13ClN4";"Cc1nnc2n1-c1ccc(Cl)cc1C(c1ccccc1)=NC2";"VREFGVBLTWBCJP-UHFFFAOYSA-N"
"CHEMBL117287";"PRUCALOPRIDE";"PRUCALOPRIDE|R-093877|R093877|RESOLOR";"Small molecule";"4.0";"367.88";"36";"1075";"2.09";"76.82";"5";"2";"0";"6";"N";"0.59";"None";"8.98";"0.74";"-0.84";"1";"MOL";"0";"25";"6";"3";"0";"367.1663";"-1.22";"BASE";"C18H26ClN3O3";"COCCCN1CCC(NC(=O)c2cc(Cl)c(N)c3c2OCC3)CC1";"ZPMNHBXQOOVQJL-UHFFFAOYSA-N"
"CHEMBL1661";"LACTITOL";"BLI-400|D-LACTITOL|D-LACTITOL MONOHYDRATE|E-966|FINLAC DC|IMPORTAL|INS NO.966|INS-966|LACTITOL|LACTITOL ACM 50|LACTITOL ANHYDROUS|LACTITOL HYDRATE|LACTITOL MONOHYDRATE|LACTOBIOSIT|LACTOSIT|LACTOSITOL|LACTY (SACCHARIDE)|MILCHEN|MIRUHEN|NSC-231323|NSC-759131|PIZENSY";"Small molecule";"4.0";"344.31";"5";"12";"-5.76";"200.53";"11";"9";"2";"8";"N";"0.20";"12.10";"None";"-5.50";"-5.50";"0";"MOL";"0";"23";"11";"9";"2";"344.1319";"2.10";"NEUTRAL";"C12H24O11";"OC[C@@H](O)[C@@H](O[C@@H]1O[C@H](CO)[C@H](O)[C@H](O)[C@H]1O)[C@H](O)[C@@H](O)CO";"VQHSOMBJVWLPSR-JVCRWLNRSA-N"
"CHEMBL783";"NATEGLINIDE";"A-4166|AY-4166|AY4166|D-NATEGLINIDE|DJN 608|DJN-608|NATEGLINIDE|NSC-758695|SDZ DJN 608|SDZ-DJN-608|SENAGLINIDE|Starlix|Starsis";"Small molecule";"4.0";"317.43";"142";"870";"3.26";"66.40";"2";"2";"0";"6";"N";"0.85";"4.00";"None";"4.03";"0.87";"1";"MOL";"0";"23";"4";"2";"0";"317.1991";"-0.23";"ACID";"C19H27NO3";"CC(C)[C@H]1CC[C@H](C(=O)N[C@H](Cc2ccccc2)C(=O)O)CC1";"OELFLUMRDSZNSF-BRWVUGGUSA-N"
"CHEMBL1256786";"FORMOTEROL";"FORMOTEROL|Foradil|Formoterol";"Small molecule";"4.0";"344.41";"26";"148";"2.22";"90.82";"5";"4";"0";"9";"N";"0.41";"8.61";"9.81";"1.06";"0.04";"2";"MOL";"0";"25";"6";"4";"0";"344.1736";"-0.07";"BASE";"C19H24N2O4";"COc1ccc(CC(C)NCC(O)c2ccc(O)c(NC=O)c2)cc1";"BPZSYCZIITTYBL-UHFFFAOYSA-N"
"CHEMBL968";"FLURAZEPAM";"Dalmane|FLURAZEPAM|Flurazepam|INSUMIN";"Small molecule";"4.0";"387.89";"16";"95";"4.00";"35.91";"3";"0";"0";"6";"N";"0.75";"None";"8.71";"3.95";"2.62";"2";"MOL";"0";"27";"4";"0";"0";"387.1514";"-1.24";"BASE";"C21H23ClFN3O";"CCN(CC)CCN1C(=O)CN=C(c2ccccc2F)c2cc(Cl)ccc21";"SAADBVWGJQAEFS-UHFFFAOYSA-N"
"CHEMBL1078261";"PROPIVERINE";"DETRUNORM|DETRUNORM XL|MICTONETTEN|MICTONORM|NSC-172140|PROPIVERINE|PROPIVERINE HYDROCHLORIDE";"Small molecule";"4.0";"367.49";"9";"12";"3.99";"38.77";"4";"0";"0";"7";"N";"0.69";"None";"8.72";"4.25";"2.92";"2";"MOL";"0";"27";"4";"0";"0";"367.2147";"-0.20";"BASE";"C23H29NO3";"CCCOC(C(=O)OC1CCN(C)CC1)(c1ccccc1)c1ccccc1";"QPCVHQBVMYCJOM-UHFFFAOYSA-N"
"CHEMBL296306";"LACTULOSE";"4-GALACTOSYL FRUCTOSE|Acilac|BIFITERAL|CEPHULAC|CHRONULAC|Cholac|Constilac|Constulose|DUPHALAC|DUPHALAC DRY|E966|EVALOSE|Enulose|Generlac|HEPTALAC|LACTULOSE|LACTULOSE JP17|LAXOSE ORANGE|LEMLAX|Laxilose|NSC-757082|OSMOLAX|PORTALAC|REGULOSE";"Small molecule";"4.0";"342.30";"16";"96";"-5.40";"189.53";"11";"8";"2";"5";"N";"0.24";"10.28";"None";"-4.53";"-4.53";"0";"MOL";"0";"23";"11";"8";"2";"342.1162";"2.17";"NEUTRAL";"C12H22O11";"OC[C@H]1O[C@@H](O[C@@H]2[C@@H](CO)O[C@](O)(CO)[C@H]2O)[C@H](O)[C@@H](O)[C@H]1O";"JCQLYHFGKNRPGE-FCVZTGTOSA-N"
"CHEMBL1256958";"EPINEPHRINE BITARTRATE";"(-)-Epinephrine Bitartrate|ADRENALIN TARTRATE|ADRENALINE (AS TARTRATE)|ADRENALINE ACID TARTRATE|ADRENALINE BITARTATE|ADRENALINE BITARTRATE|BRONITIN MIST|Bronitin|EPINEPHRINE BITARTRATE|EPINEPHRINE D-BITARTRATE|EPINEPHRINE HYDROGEN TARTRATE|EPINEPHRINE TARTRATE|EPINEPHRINI HYDROGENOTARTRAS|L-EPINEPHRINE HYDROGEN TARTRATE|Medihaler-epi|NSC-756755";"Small molecule";"4.0";"333.29";"46";"82";"0.35";"72.72";"4";"4";"0";"3";"N";"0.51";"9.69";"8.91";"-0.43";"-1.63";"1";"MOL";"0";"13";"4";"4";"0";"183.0895";"1.12";"BASE";"C13H19NO9";"CNC[C@H](O)c1ccc(O)c(O)c1.O=C(O)C(O)C(O)C(=O)O";"YLXIPWWIOISBDD-FVGYRXGTSA-N"
"CHEMBL1201325";"HEXOCYCLIUM";"HEXOCYCLIUM|HEXOCYCLIUM CATION|HEXOCYCLIUM ION|Hexocyclium";"Small molecule";"4.0";"317.50";"2";"3";"2.85";"23.47";"2";"1";"0";"4";"N";"0.86";"13.51";"4.95";"-0.99";"-0.99";"1";"MOL";"0";"23";"3";"1";"0";"317.2587";"-0.09";"NEUTRAL";"C20H33N2O+";"C[N+]1(C)CCN(CC(O)(c2ccccc2)C2CCCCC2)CC1";"ZRYHPQCHHOKSMD-UHFFFAOYSA-N"
"CHEMBL1503";"OMEPRAZOLE";"Antra|H 168/68|H-168/68|LOSEC|LOSEC MUPS|MEZZOPRAM|MOPRAL|NSC-751450|NSC-759192|OMEPRAZOLE|OMERAN|Prilosec|ZANPROL";"Small molecule";"4.0";"345.42";"211";"2919";"2.90";"83.09";"5";"1";"0";"5";"N";"0.72";"9.68";"4.77";"2.43";"2.43";"3";"MOL";"0";"24";"6";"1";"0";"345.1147";"-0.69";"NEUTRAL";"C17H19N3O3S";"COc1ccc2[nH]c([S+]([O-])Cc3ncc(C)c(OC)c3C)nc2c1";"SUBDBMMJDZJVOS-UHFFFAOYSA-N"
"CHEMBL1508";"ESCITALOPRAM";"CIPRALEX|ESCITALOPRAM|ESERTIA|ESITOL|Escitalopram|LU-26-054";"Small molecule";"4.0";"324.40";"27";"103";"3.81";"36.26";"3";"0";"0";"5";"N";"0.84";"None";"9.78";"3.76";"1.41";"2";"MOL";"0";"24";"3";"0";"0";"324.1638";"-0.47";"BASE";"C20H21FN2O";"CN(C)CCC[C@@]1(c2ccc(F)cc2)OCc2cc(C#N)ccc21";"WSEQXVZVJXJVFP-FQEVSTJZSA-N"
"CHEMBL1186579";"METHYLNALTREXONE";"METHYLNALTREXONE|METHYLNALTREXONE CATION|METHYLNALTREXONE ION|MRZ-2663|Methylnaltrexone";"Small molecule";"4.0";"356.44";"14";"55";"1.67";"66.76";"4";"2";"0";"2";"N";"0.79";"9.90";"None";"-2.49";"-2.34";"1";"MOL";"0";"26";"5";"2";"0";"356.1856";"1.89";"NEUTRAL";"C21H26NO4+";"C[N+]1(CC2CC2)CC[C@]23c4c5ccc(O)c4O[C@H]2C(=O)CC[C@@]3(O)[C@H]1C5";"JVLBPIPGETUEET-GAAHOAFPSA-O"
"CHEMBL611";"TERAZOSIN";"Hytrin|TERAZOSABB|TERAZOSIN|Terazosin";"Small molecule";"4.0";"387.44";"160";"910";"1.06";"103.04";"8";"1";"0";"4";"N";"0.83";"None";"7.24";"1.18";"0.95";"2";"MOL";"0";"28";"9";"2";"0";"387.1907";"-0.89";"NEUTRAL";"C19H25N5O4";"COc1cc2nc(N3CCN(C(=O)C4CCCO4)CC3)nc(N)c2cc1OC";"VCKUSRYTPJJLNI-UHFFFAOYSA-N"
"CHEMBL596";"FENTANYL";"ABSTRAL|ABSTRAL-|ACTIQ|AD 923|AD-923|BREAKYL|DURAGESIC-100|DURAGESIC-12|DURAGESIC-25|DURAGESIC-37|DURAGESIC-50|DURAGESIC-75|DUROGESIC|DUROGESIC D-TRANS|DUROGESIC DTRANS|Duragesic|EFFENTORA|EN-3267|EN3267|FENCINO|FENDROP|FENTALIS RESERVOIR|FENTANEST|FENTANYL|FENTANYL CII|FENTANYL-100|FENTANYL-12|FENTANYL-25|FENTANYL-37|FENTANYL-50|FENTANYL-62|FENTANYL-75|FENTANYL-87|Fentora|IDS-NF-001|IONSYS|Innovar|Ionsys|Leptanal|MATRIFEN|MEZOLAR MATRIX|MYLAFENT|N02AB03|OPIODUR|OSMACH|OSMANIL|Oralet|PECFENT|PHENTANYL|R 4263|RECIVIT|RECUVYRA|SUBLIMASE|SUBSYS|Sublimaze|TILOFYL|VICTANYL|YEMEX";"Small molecule";"4.0";"336.48";"61";"380";"4.14";"23.55";"2";"0";"0";"6";"N";"0.79";"None";"8.77";"3.82";"2.43";"2";"MOL";"0";"25";"3";"0";"0";"336.2202";"-1.26";"BASE";"C22H28N2O";"CCC(=O)N(c1ccccc1)C1CCN(CCc2ccccc2)CC1";"PJMPHNIQZUBGLI-UHFFFAOYSA-N"
"CHEMBL4297165";"CHLOROQUINE HYDROCHLORIDE";"Aralen Hydrochloride|CHLOROQUINE HCL|CHLOROQUINE HYDROCHLORIDE";"Small molecule";"4.0";"392.80";"";"";"4.81";"28.16";"3";"1";"0";"8";"N";"0.76";"None";"10.32";"3.93";"0.88";"2";"MOL";"0";"22";"3";"1";"0";"319.1815";"-1.27";"BASE";"C18H28Cl3N3";"CCN(CC)CCCC(C)Nc1ccnc2cc(Cl)ccc12.Cl.Cl";"PCFGECQRSMVKCC-UHFFFAOYSA-N"
"CHEMBL997";"IBANDRONIC ACID";"BONDENZA|BONDRONAT|BONVIVA|Boniva|IASIBON|IBANDRONATE|IBANDRONIC ACID|IBANDRONIC ACID ACCORD|IBANDRONIC ACID SANDOZ|IBANDRONIC ACID TEVA|Ibandronate|Ibandronic Acid|NSC-722623|QUODIXOR";"Small molecule";"4.0";"319.23";"21";"110";"0.50";"138.53";"4";"5";"0";"9";"N";"0.31";"0.66";"9.94";"-2.48";"-4.86";"0";"MOL";"0";"19";"8";"5";"0";"319.0950";"0.01";"ZWITTERION";"C9H23NO7P2";"CCCCCN(C)CCC(O)(P(=O)(O)O)P(=O)(O)O";"MPBVHIBUJCELCL-UHFFFAOYSA-N"
"CHEMBL1219";"RABEPRAZOLE";"Aciphex|E-3810 (PPI)|E3810|ERALOC|LY-307640|LY307640|PARIPRAZOLE|RABEPRAZOLE|Rabeprazole";"Small molecule";"4.0";"359.45";"149";"675";"2.99";"83.09";"5";"1";"0";"8";"N";"0.49";"9.35";"4.24";"2.09";"2.09";"3";"MOL";"0";"25";"6";"1";"0";"359.1304";"-0.57";"NEUTRAL";"C18H21N3O3S";"COCCCOc1ccnc(C[S+]([O-])c2nc3ccccc3[nH]2)c1C";"YREYEVIYCVEVJK-UHFFFAOYSA-N"
"CHEMBL19019";"NALTREXONE";"Celupan|EN-1639A|EN-1639A FREE BASE|EN-1639A [AS HYDROCHLORIDE]|NALTREXONE|NSC-758439|Revia|Trexal|Trexan|Vivitrol";"Small molecule";"4.0";"341.41";"149";"988";"1.53";"70.00";"5";"2";"0";"2";"N";"0.85";"10.11";"8.88";"1.36";"0.13";"1";"MOL";"0";"25";"5";"2";"0";"341.1627";"1.72";"BASE";"C20H23NO4";"O=C1CC[C@@]2(O)[C@H]3Cc4ccc(O)c5c4[C@@]2(CCN3CC2CC2)[C@H]1O5";"DQCKKXVULJGBQN-XFWGSAIBSA-N"
"CHEMBL1201342";"METHIXENE";"ATOSIL|METIXENE|Methixene";"Small molecule";"4.0";"309.48";"4";"9";"5.02";"3.24";"2";"0";"1";"2";"N";"0.77";"None";"9.34";"5.06";"3.13";"2";"MOL";"0";"22";"1";"0";"1";"309.1551";"-0.24";"BASE";"C20H23NS";"CN1CCCC(CC2c3ccccc3Sc3ccccc32)C1";"MJFJKKXQDNNUJF-UHFFFAOYSA-N"
